manufacturer_name,model_name,production_start_date,production_end_date,recall_start_date,affected_count,recall_reason,vehicle_type
기아,모하비,2008-05-02,2009-07-13,2012-06-04,3182,설정속도(약64km/h) 이상에서 충돌 사고 시 운전자의 발목 부상을 줄이기 위해 브레이크 페달이 파손되게 제작되었으나 설정속도 이하 충돌 사고 시에도 파손되어 제동불량으로 2차 사고의 가능성으로 안전운행에 지장,SUV
토요타,토요타 RAV4 2WD,2009-09-01,2010-08-27,2012-08-30,223,뒷바퀴 정렬 후 바퀴정렬장치(타이로드)가 덜 조여지는 경우 타이로드가 마모되어 분리될 수 있고 이 경우 운전자가 의도한 방향으로 운행이 되지 않아 안전운행에 지장,SUV
토요타,토요타 RAV4 4WD,2009-02-27,2010-08-31,2012-08-30,626,뒷바퀴 정렬 후 바퀴정렬장치(타이로드)가 덜 조여지는 경우 타이로드가 마모되어 분리될 수 있고 이 경우 운전자가 의도한 방향으로 운행이 되지 않아 안전운행에 지장,SUV
르노코리아,QM5,2011-01-27,2011-11-21,2012-12-21,1688,앞바퀴를 고정해 주는 로워암(트랜스버스 링크)의 용접불량으로 용접부위가 파손될 가능성이 있고 이 경우 조향이 되지 않아 안전운행에 지장,SUV
현대자동차,싼타페,2010-06-01,2011-06-30,2013-04-11,33667,브레이크 스위치의 접촉 불량으로 인해 시동 불량과 제동등 점등 불량을 유발함은 물론 정속주행장치 및 차체자세제어장치가 정상적으로 작동되지 않을 수 있어 안전운행에 지장,SUV
기아,카렌스,2010-06-01,2010-07-30,2013-04-11,785,브레이크 스위치의 접촉 불량으로 인해 시동 불량과 제동등 점등 불량을 유발함은 물론 정속주행장치 및 차체자세제어장치가 정상적으로 작동되지 않을 수 있어 안전운행에 지장,MPV/미니밴
기아,쏘렌토,2010-10-01,2011-04-10,2013-04-11,23421,브레이크 스위치의 접촉 불량으로 인해 시동 불량과 제동등 점등 불량을 유발함은 물론 정속주행장치 및 차체자세제어장치가 정상적으로 작동되지 않을 수 있어 안전운행에 지장,SUV
기아,그랜드 카니발,2007-06-21,2010-12-01,2013-10-01,4723,브레이크 스위치의 접촉 불량으로 인해 시동 불량과 제동등 점등 불량을 유발함은 물론 정속주행장치 및 차체자세제어장치가 정상적으로 작동되지 않을 수 있어 안전운행에 지장,MPV/미니밴
기아,모하비,2007-11-01,2011-03-13,2013-10-01,22551,브레이크 스위치의 접촉 불량으로 인해 시동 불량과 제동등 점등 불량을 유발함은 물론 정속주행장치 및 차체자세제어장치가 정상적으로 작동되지 않을 수 있어 안전운행에 지장,SUV
기아,스포티지,2010-01-28,2011-06-08,2013-10-01,49711,브레이크 스위치의 접촉 불량으로 인해 시동 불량과 제동등 점등 불량을 유발함은 물론 정속주행장치 및 차체자세제어장치가 정상적으로 작동되지 않을 수 있어 안전운행에 지장,SUV
혼다코리아,ODYSSEY,2006-07-18,2009-09-08,2013-11-20,1,"차량안정보조장치(VSA) 이상으로 제동을 하지 않아도 제동이 되며, 이경우 브레이크 등이 점등되지 않을 가능성이 있어 안전운행에 지장",MPV/미니밴
메르세데스 벤츠,GLK220 CDI 4MATIC,2014-02-28,2014-11-10,2014-12-29,910,특정기간에 제작된 타이밍 체인 텐셔너 가스켓의 재질적인 공차로 인하여 타이밍 체인의 프리 텐션에 부정적인 영향을 주어 체인텐셔너 가스켓의 엔진 오일 실링 기능이 저하될 뿐만 아니라 체인 텐셔너가 풀릴수 도 있음,SUV
메르세데스 벤츠,GLK220 CDI 4Matic,2014-10-01,2015-02-12,2015-04-27,45,타이밍 체인 텐셔너 가스켓의 재질적인 공차로 인하여 타이밍 체인의 프리 텐션에 부정적인 영향을 줄 수 있으며 심한 경우 엔진룸 화재위험이 발생할 가능성이 있음,SUV
르노코리아,QM3,2013-09-11,2014-11-07,2015-05-04,20949,전방 휀더 프로텍터와 브레이크 호스간의 간섭으로 인해 브레이크 호스와 휀더 프로텍터와의 마찰에 따른 마모 발생 우려,SUV
토요타,토요타 RAV4 2WD,2009-09-01,2012-11-08,2016-04-07,416,뒷좌석 쿠션부 금속 프레임의 형태가 부적절하여 충돌 시 프레임과 좌석안전띠의 간섭으로 좌석안전띠가 절단될 경우 승객을 보호하지 못할 가능성 발견,SUV
토요타,토요타 RAV4 4WD,2009-02-27,2012-11-14,2016-04-07,1242,뒷좌석 쿠션부 금속 프레임의 형태가 부적절하여 충돌 시 프레임과 좌석안전띠의 간섭으로 좌석안전띠가 절단될 경우 승객을 보호하지 못할 가능성 발견,SUV
메르세데스 벤츠,ML 350 BLUETEC 4MATIC,2015-04-27,2015-05-19,2016-07-08,6,뒷좌석 우측 좌석안전띠 고정체의 볼트조립불량으로 충돌 시 승객을 보호하지 못할 가능성,SUV
현대자동차,싼타페,2015-05-27,2015-06-05,2016-10-21,66,승객감지장치 제어 유닛 설정 오류로 충돌시 동승자석의 에어백이 미전개될 가능성,SUV
혼다코리아,ODYSSEY,2012-05-29,2015-09-09,2017-02-06,1172,2열 좌석(슬리이드형)을 고정하는 부품의 제작결함으로 주행 중 좌석이 움직여 탑승자에게 상해를 입힐 가능성,MPV/미니밴
기아,모하비,2012-08-27,2014-12-02,2017-06-12,19801,허브너트*의 결함으로 타이어가 이탈될 가능성 * 허브너트 : 자동차 차축과 타이어를 연결해 주는 부품,SUV
메르세데스 벤츠,GLC 350 e 4MATIC,2017-03-09,2017-06-06,2018-02-23,5,"스티어링 칼럼 모듈의 접지가 불충분한 상태에서, 손상된 클락스프링에 정전기 방전이 발생될 경우 예기치 않은 운전자 에어백 전개가 발생할 수 있습니다.",SUV
혼다코리아,ODYSSEY,2013-11-07,2015-06-05,2018-05-31,703,"시트 등받이를 고정하는 장치(리클라이너) 내부의 제작결함으로, ""워크인 레버(3열로 진입하기 위한 레버)""를 사용하여 등받이를 조정하는 경우, 시트 등받이가 불안정한 상태로 고정되거나 고정되지 않을 수 있음.",MPV/미니밴
메르세데스 벤츠,GLK 220 CDI 4MATIC,2012-03-19,2014-05-21,2018-06-29,4,"스티어링 칼럼 모듈의 접지가 불충분한 상태에서, 손상된 클락스프링에 정전기가 발생될 경우 예기치 않은 운전자 에어백 전개가 발생할 수 있습니다.",SUV
BMW,BMW X5 xDrive30d,2018-06-11,2018-06-11,2018-07-19,1,앞 좌측 하부 위시본의 제작 과정에서 열처리 후 냉각 공정을 정상적으로 거치지 않아 설계된 값보다 강성이 낮은 상태로 생산되었을 가능성이 있습니다.,SUV
혼다코리아,ODYSSEY,2012-10-02,2016-08-08,2018-08-09,1533,"2열 시트를 분리 후 재 장착하는 경우, 뒤쪽 시트 고정장치가 차체 고정부의 잘못된 위치(돌출부)에 장착될 수 있으며 시트가 정확하게 고정되지 않을 수 있음",MPV/미니밴
BMW,BMW X5 xDrive40d,2014-01-11,2015-06-18,2018-08-20,403,"BMW N47, B47, N57 엔진이 장착된 일부차종의 EGR(배출가스재순환장치) 쿨러 결함으로 미세하게 냉각수가 새어 나와 냉각수 성분 중 물은 증발하고, 에틸렌 글리콜(부동액의 주성분)은 남아 있게 되어 배출가스에 있는 오일 성분과 그을음(Soot)이 함께 퇴적되어 EGR 쿨러 내부의 배출가스 통로 일부분을 막아 배출가스 냉각 효율을 저하시키는 현상을 발견 하였습니다. 이러한 경우 고온의 배출가스가 정상적으로 냉각 되지 않은 상태로 흡기다기관으로 전달 되어 일부 국소 부위 표면에 천공 현상이 발생 할 가능성이 있습니다. 또한, 에틸렌 클리콜, 오일, 그을음으로 퇴적된 혼합물이 고온의 배출가스에 의해 자체 온도가 상승하게 된 상태에서 흡기다기관 내부 표면에 점착하게 되면 천공이 발생 할 수 있습니다. 이러한 경우 발생된 천공에서 냉각되지 않은 고온의 배출가스 누설로 인하여 흡기 시스템 주변부의 온도가 높아져 드문 경우에 화재가 발생 할 수 있습니다.",SUV
BMW,BMW X5 xDrive30d,2013-07-20,2015-06-17,2018-08-20,2615,"BMW N47, B47, N57 엔진이 장착된 일부차종의 EGR(배출가스재순환장치) 쿨러 결함으로 미세하게 냉각수가 새어 나와 냉각수 성분 중 물은 증발하고, 에틸렌 글리콜(부동액의 주성분)은 남아 있게 되어 배출가스에 있는 오일 성분과 그을음(Soot)이 함께 퇴적되어 EGR 쿨러 내부의 배출가스 통로 일부분을 막아 배출가스 냉각 효율을 저하시키는 현상을 발견 하였습니다. 이러한 경우 고온의 배출가스가 정상적으로 냉각 되지 않은 상태로 흡기다기관으로 전달 되어 일부 국소 부위 표면에 천공 현상이 발생 할 가능성이 있습니다. 또한, 에틸렌 클리콜, 오일, 그을음으로 퇴적된 혼합물이 고온의 배출가스에 의해 자체 온도가 상승하게 된 상태에서 흡기다기관 내부 표면에 점착하게 되면 천공이 발생 할 수 있습니다. 이러한 경우 발생된 천공에서 냉각되지 않은 고온의 배출가스 누설로 인하여 흡기 시스템 주변부의 온도가 높아져 드문 경우에 화재가 발생 할 수 있습니다.",SUV
메르세데스 벤츠,GLC 350 e 4MATIC,2018-01-24,2018-01-30,2018-09-17,7,에어백 공급업체의 생산공정의 오류로 특정 그룹에서 결함이 있는 에어백이 장착 되었습니다. 운전석 에어백 모듈의 인플레이터 하우징 재료에 결함이 있는 스틸 사용으로 내구성이 저하될 수 있습니다.,SUV
KG 모빌리티,티볼리,2015-07-01,2018-08-17,2018-09-21,65886,연료 필터에서 고압펌프로 연결되는 연료 공급호스가 흡입공기 유량 센서 와이어링 및 홀더와 간섭되어 장기간 차량 운행시 마모로 인해 연료가 누유 될 가능성 존재,SUV
기아,니로 하이브리드,2016-03-10,2017-08-14,2018-10-10,29991,일부 차량 장시간 운행 후 파워릴레이 어셈블리에 장착된 메인릴레이 단자고정부 접촉압력 저하에 의한 발열 발생 가능성,SUV
메르세데스 벤츠,GLC 350 e 4MATIC,2018-02-26,2018-04-06,2018-10-26,60,특정 대상 차량의 헤드램프의 LED 방향지시등의 색상이 연분홍색 또는 보라색일 수 있습니다.,SUV
BMW,BMW X5 xDrive30d,2015-06-10,2017-05-16,2018-11-26,3455,"배기가스재순환장치 냉각기 결함으로 냉각수가 누출 될 수 있고, 그 결과 배기가스재순환장치 냉각기를 통과하는 배출가스와 만나면, 냉각수 중 수분은 증발하고 글리콜만 남게 됩니다. 글리콜은 wave fin구조의 내부, 배기가스재순환장치 냉각기의 입구 근처, 그리고 배기가스재순환장치 냉각기 끝 단에서 배기가스재순환장치 냉각기 내의 그을음과 혼합될 수 있습니다.",SUV
BMW,BMW X5 xDrive40d,2015-06-17,2017-05-15,2018-11-26,815,"배기가스재순환장치 냉각기 결함으로 냉각수가 누출 될 수 있고, 그 결과 배기가스재순환장치 냉각기를 통과하는 배출가스와 만나면, 냉각수 중 수분은 증발하고 글리콜만 남게 됩니다. 글리콜은 wave fin구조의 내부, 배기가스재순환장치 냉각기의 입구 근처, 그리고 배기가스재순환장치 냉각기 끝 단에서 배기가스재순환장치 냉각기 내의 그을음과 혼합될 수 있습니다.",SUV
BMW,BMW X5 M50d,2013-07-18,2017-03-20,2018-11-26,509,"배기가스재순환장치 냉각기 결함으로 냉각수가 누출 될 수 있고, 그 결과 배기가스재순환장치 냉각기를 통과하는 배출가스와 만나면, 냉각수 중 수분은 증발하고 글리콜만 남게 됩니다. 글리콜은 wave fin구조의 내부, 배기가스재순환장치 냉각기의 입구 근처, 그리고 배기가스재순환장치 냉각기 끝 단에서 배기가스재순환장치 냉각기 내의 그을음과 혼합될 수 있습니다.",SUV
혼다코리아,ODYSSEY,2017-06-19,2018-03-08,2018-11-29,669,리어 래치의 내부 기어 설계가 잘못되어 고착되는 경우 리어 래치가 열린 상태로 유지된다.,MPV/미니밴
혼다코리아,ODYSSEY,2018-04-24,2018-05-17,2018-11-29,246,"리어 브레이크 캘리퍼 내부 피스톤의 도금 및 열처리 공정이 부적절하여, 피스톤 표면에 잔류했던 수소가 브레이크액 내로 스며들어 수소기포가 발생한다.",MPV/미니밴
BMW,BMW X5 xDrive30d,2013-07-20,2017-05-16,2019-01-23,6071,"배기가스 재순환 장치 냉각기 결함으로 냉각수가 누출될 수 있고, 그 결과 배기가스 재순환 장치 냉각기를 통과하는 배출가스와 만나면, 냉각수 중 수분은 증발하고 글리콜만 남게 됩니다. 글리콜은 WAVE FIN 구조의 내부, 배기가스 재순환 장치 냉각기의 입구 근처, 그리고 배기가스 재순환 장치 냉각기 끝 단에서 배기가스 재순환장치 냉각기 내의 그을음과 혼합될 수 있습니다. 그 곳에서는 혼합물을 발화시키거나 글로잉 입자(열점)를 발생시킬 수 있는 고온 상태가 발생 할 수 있습니다. 이러한 과정에 의하여 글로잉 입자가 흡기다기관 안으로 날아가 흡기다기관 표면에 붙게 되고 해당 영역이 용융하여 천공이 생길 가능성이 있습니다.",SUV
BMW,BMW X5 xDrive40d,2014-01-11,2017-05-15,2019-01-23,1218,"배기가스 재순환 장치 냉각기 결함으로 냉각수가 누출될 수 있고, 그 결과 배기가스 재순환 장치 냉각기를 통과하는 배출가스와 만나면, 냉각수 중 수분은 증발하고 글리콜만 남게 됩니다. 글리콜은 WAVE FIN 구조의 내부, 배기가스 재순환 장치 냉각기의 입구 근처, 그리고 배기가스 재순환 장치 냉각기 끝 단에서 배기가스 재순환장치 냉각기 내의 그을음과 혼합될 수 있습니다. 그 곳에서는 혼합물을 발화시키거나 글로잉 입자(열점)를 발생시킬 수 있는 고온 상태가 발생 할 수 있습니다. 이러한 과정에 의하여 글로잉 입자가 흡기다기관 안으로 날아가 흡기다기관 표면에 붙게 되고 해당 영역이 용융하여 천공이 생길 가능성이 있습니다.",SUV
BMW,BMW X5 M50d,2013-07-18,2017-05-15,2019-01-23,509,"배기가스 재순환 장치 냉각기 결함으로 냉각수가 누출될 수 있고, 그 결과 배기가스 재순환 장치 냉각기를 통과하는 배출가스와 만나면, 냉각수 중 수분은 증발하고 글리콜만 남게 됩니다. 글리콜은 WAVE FIN 구조의 내부, 배기가스 재순환 장치 냉각기의 입구 근처, 그리고 배기가스 재순환 장치 냉각기 끝 단에서 배기가스 재순환장치 냉각기 내의 그을음과 혼합될 수 있습니다. 그 곳에서는 혼합물을 발화시키거나 글로잉 입자(열점)를 발생시킬 수 있는 고온 상태가 발생 할 수 있습니다. 이러한 과정에 의하여 글로잉 입자가 흡기다기관 안으로 날아가 흡기다기관 표면에 붙게 되고 해당 영역이 용융하여 천공이 생길 가능성이 있습니다.",SUV
BMW,BMW X5 xDrive30d,2016-08-10,2015-03-31,2019-02-13,127,운전석 및 조수석 에어백 인플레이터의 제작결함,SUV
BMW,BMW X5 xDrive40d,2017-06-27,2014-01-11,2019-02-13,1267,운전석 및 조수석 에어백 인플레이터의 제작결함,SUV
BMW,BMW X5 M50d,2017-06-26,2014-02-17,2019-02-13,496,운전석 및 조수석 에어백 인플레이터의 제작결함,SUV
BMW,BMW X5 xDrive30d,2010-05-01,2010-05-01,2019-02-13,1,운전석 및 조수석 에어백 인플레이터의 제작결함,SUV
BMW,BMW X5 xDrive35i,2011-08-19,2011-08-19,2019-02-13,1,운전석 및 조수석 에어백 인플레이터의 제작결함,SUV
BMW,BMW X5 xDrive35i,2010-11-06,2010-11-06,2019-02-13,1,운전석 및 조수석 에어백 인플레이터의 제작결함,SUV
메르세데스 벤츠,GLC 350 e 4MATIC,2017-10-10,2018-05-14,2019-03-20,163,"SOS 비상 전화 시스템(eCall)1을 위한 통신 모듈 소프트웨어에 오류가 있습니다. 1 SOS 비상 전화 시스템(eCall): 운전자가 사고 발생시 자동적으로 또는 SOS 버튼을 수동적으로 눌러 메르세데스-벤츠 비상 센터와 비상 전화로 통화가 가능하며, 현재 차량 위치등의 차량 데이터가 또한 메르세데스-벤츠 비상 센터로 전송됩니다. 이를 통해 사고 발생시 구조팀의 신속한 구조가 실행될 수 있습니다. SOS 비상 전화 시스템(eCall)을 위한 통신 모듈 소프트웨어에 오류가 있는 경우 SOS 비상 전화 시스템(eCall)이 작동되지 않을 수 있습니다.",SUV
메르세데스 벤츠,GLC 350 e 4MATIC,2018-07-18,2018-07-24,2019-04-25,5,"공급업체의 생산 공정상의 오류로 인해, 특정 전동식 파워 스티어링 위치 센서에 결함이 있을 수 있습니다. 로터 위치 센서에 장착되는 자석에 사용되는 스틸 볼트(샤프트)가 경화 과정에서, 충분히 경화되지 않았을 수 있습니다. 이는 다량의 볼트가 한꺼번에 오븐에서 경화되어 발생한 문제입니다. 제대로 경화되지 않은 스틸 볼트는, 프레스 인(press-in) 과정에서 모양이 변형되었을 수 있습니다. 이 과정에서 손상된 자석이 장착되었을 수 있으며, 시간이 지남에 따라 위치 감지 오류가 발생할 수 있습니다. 특정 차량의 전동식 파워 스티어링 위치 센서가 사양을 충족하지 못하여 위치를 제대로 감지하지 못 할 수 있습니다. 전동식 파워 스티어링 위치 센서는 전기 모터 내의 로터 위치를 감지하는 역할을 하는 장치입니다.",SUV
혼다코리아,ODYSSEY,2018-07-10,2018-11-14,2019-05-29,630,타이밍 벨트 결함이 발생하여 벨트의 코그(벨트와 기어가 맞물리는 부분)부분이 파손 되는 경우 엔진 작동 타이밍이 불규칙하게 되어 엔진내부손상(밸브와 피스톤이 부딪힐 수 있음)이 발생될 수 있으며 이로 인해 엔진이 정지하여 사고 위험이 증가하고 안전운전에 영향을 끼칠 수 있음,MPV/미니밴
BMW,BMW X5 xDrive40d,2014-01-15,2015-06-17,2019-05-31,102,"배기가스 재순환 장치 냉각기 결함으로 냉각수가 누출될 수 있고, 그 결과 배기가스 재순환 장치 냉각기를 통과하는 배출가스와 만나면, 냉각수 중 수분은 증발하고 글리콜만 남게 됩니다. 글리콜은 WAVE FIN 구조의 내부, 배기가스 재순환 장치 냉각기의 입구 근처, 그리고 배기가스 재순환 장치 냉각기 끝 단에서 배기가스 재순환장치 냉각기 내의 그을음과 혼합될 수 있습니다. 그 곳에서는 혼합물을 발화시키거나 글로잉 입자(열점)를 발생시킬 수 있는 고온 상태가 발생 할 수 있습니다. 이러한 과정에 의하여 글로잉 입자가 흡기다기관 안으로 날아가 흡기다기관 표면에 붙게 되고 해당 영역이 용융하여 천공이 생길 가능성이 있습니다.",SUV
BMW,BMW X5 xDrive30d,2013-07-22,2015-06-16,2019-05-31,411,"배기가스 재순환 장치 냉각기 결함으로 냉각수가 누출될 수 있고, 그 결과 배기가스 재순환 장치 냉각기를 통과하는 배출가스와 만나면, 냉각수 중 수분은 증발하고 글리콜만 남게 됩니다. 글리콜은 WAVE FIN 구조의 내부, 배기가스 재순환 장치 냉각기의 입구 근처, 그리고 배기가스 재순환 장치 냉각기 끝 단에서 배기가스 재순환장치 냉각기 내의 그을음과 혼합될 수 있습니다. 그 곳에서는 혼합물을 발화시키거나 글로잉 입자(열점)를 발생시킬 수 있는 고온 상태가 발생 할 수 있습니다. 이러한 과정에 의하여 글로잉 입자가 흡기다기관 안으로 날아가 흡기다기관 표면에 붙게 되고 해당 영역이 용융하여 천공이 생길 가능성이 있습니다.",SUV
혼다코리아,ODYSSEY,2017-06-19,2019-01-11,2019-06-05,1880,"① 차량의 배터리 연결 케이블이 느슨하게 설치됨 (공장 생산시, 서비스 센터 점검 시, 고객이 직접 배터리 점검시 등의 사유) ② 배터리 성능이 과도하게 약화되어 배터리 점프를 통해서 시동 후 주행하는 경우 ③ 차량 시스템 전압이 6V 미만으로 낮아지는 경우 TCU는 운행이 불가하다고 판단하여 현재 기어 및 주행조건에 관계없이 P(모드)로 변속하는 소프트웨어. - 원인 ① 또는 ② 상태에서 차량 냉각팬 2개가 동시에 작동하게 되면 높은 전류가 소모되어 차량의 시스템 전압이 일시적으로 낮아질 수 있으며, 시스템 전압이 과도하게 낮아지는 경우(6V 미만) TCU는 주행 조건에 관계없이 기어를 P(모드)로 변속함.",MPV/미니밴
BMW,BMW X5 xDrive40d,2014-01-21,2015-06-10,2019-06-28,23,"배기가스 재순환 장치 냉각기 결함으로 냉각수가 누출될 수 있고, 그 결과 배기가스 재순환 장치 냉각기를 통과하는 배출가스와 만나면, 냉각수 중 수분은 증발하고 글리콜만 남게 됩니다. 글리콜은 WAVE FIN 구조의 내부, 배기가스 재순환 장치 냉각기의 입구 근처, 그리고 배기가스 재순환 장치 냉각기 끝 단에서 배기가스 재순환장치 냉각기 내의 그을음과 혼합될 수 있습니다. 그 곳에서는 혼합물을 발화시키거나 글로잉 입자(열점)를 발생시킬 수 있는 고온 상태가 발생 할 수 있습니다. 이러한 과정에 의하여 글로잉 입자가 흡기다기관 안으로 날아가 흡기다기관 표면에 붙게 되고 해당 영역이 용융하여 천공이 생길 가능성이 있습니다.",SUV
BMW,BMW X5 xDrive30d,2013-07-24,2015-06-14,2019-06-28,157,"배기가스 재순환 장치 냉각기 결함으로 냉각수가 누출될 수 있고, 그 결과 배기가스 재순환 장치 냉각기를 통과하는 배출가스와 만나면, 냉각수 중 수분은 증발하고 글리콜만 남게 됩니다. 글리콜은 WAVE FIN 구조의 내부, 배기가스 재순환 장치 냉각기의 입구 근처, 그리고 배기가스 재순환 장치 냉각기 끝 단에서 배기가스 재순환장치 냉각기 내의 그을음과 혼합될 수 있습니다. 그 곳에서는 혼합물을 발화시키거나 글로잉 입자(열점)를 발생시킬 수 있는 고온 상태가 발생 할 수 있습니다. 이러한 과정에 의하여 글로잉 입자가 흡기다기관 안으로 날아가 흡기다기관 표면에 붙게 되고 해당 영역이 용융하여 천공이 생길 가능성이 있습니다.",SUV
재규어랜드로버,재규어 E-PACE P250,2017-08-31,2019-07-12,2019-12-26,780,소프트웨어 설정 값 오류로 인해 UN ECE R13H(승용자동차의 제동성능)에서 정하는 긴급제동신호장치의 해제기준을 만족하지 못하여 안전기준 부적합,SUV
재규어랜드로버,재규어 E-PACE D180,2018-03-07,2019-07-12,2019-12-26,407,소프트웨어 설정 값 오류로 인해 UN ECE R13H(승용자동차의 제동성능)에서 정하는 긴급제동신호장치의 해제기준을 만족하지 못하여 안전기준 부적합,SUV
메르세데스 벤츠,GLK 220 CDI 4MATIC,2009-05-12,2012-05-25,2020-01-31,2476,질산암모늄을 인플레이터로 사용한 건조제 없는 에어백이 장시간 높은 절대 습도에 노출 된 경우 에어백 전개시 인플레이터의 하우징이 과도한 내부 압력으로 인해 파열될 수 있습니다. 에어백 전개시 에어백 인플레이터의 하우징이 과도한 내부 압력으로 파열될 수 있습니다.,SUV
BMW,BMW X5 xDrive30d,2014-10-22,2015-10-24,2020-02-21,4,"배기가스재순환장치 냉각기 결함으로 냉각수가 누출될 수 있고, 그 결과 배기가스재순환장치 냉각기를 통과하는 배출가스와 만나면, 냉각수 중 수분은 증발하고 글리콜만 남게 됩니다. 글리콜은 wave fin구조의 내부, 배기가스재순환장치 냉각기의 입구 근처, 그리고 배기가스재순환장치 냉각기 끝 단에서 배기가스재순환장치 냉각기 내의 그을음과 혼합될 수 있습니다. 그 곳에서는 혼합물을 발화시키거나 글로잉 입자(열점)를 발생시킬 수 있는 고온 상태가 발생 할 수 있습니다.이러한 과정에 의하여 글로잉 입자가 흡기다기관 안으로 날아가 흡기다기관 표면에 붙게 되고 해당 영역이 용융하여 천공이 생길 가능성이 있습니다.",SUV
메르세데스 벤츠,GLC 350 e 4MATIC,2018-06-05,2018-10-31,2020-03-12,2915,"공급업체의 과도하게 마모된 생산 장비로 인해 앞좌석 안전벨트 버클과 하우징 사이의 치수에 오차가 생겼을 수 있습니다. 앞좌석 안전벨트를 올바르게 착용한 경우에도 미착용으로 잘못 감지될 수 있습니다. 이러한 경우, 계기반의 경고메세지와 경고음이 계속 발생됩니다.",SUV
메르세데스 벤츠,GLC 350 e 4MATIC,2018-07-24,2018-11-12,2020-03-12,2530,"생산 과정의 오류로 인해, 운전석 햇빛 가리개의 바깥면에 타 국가의 에어백 경고 가 부착되었을 수 있습니다. 에어백 경고 문구 설명이 한국어로 작성되지 않았을 수 있습니다.",SUV
혼다코리아,ODYSSEY,2017-06-19,2019-10-15,2020-03-25,2424,"가. 3열 좌측에 위치한 악세서리 파워 소켓(시거잭) 하네스가 고정되지 않아, 생산 공장에서 3열 좌측 실내 트림 패널 설치 시 움직일 수 있음 나. 악세서리 파워 소켓 하네스가 트림 패널 안쪽 모서리 부위와 차체 돌출부 사이로 배치되는 경우 보호 튜브가 눌려져 손상되거나 내부 하네스의 피복이 노출될 수 있음",MPV/미니밴
메르세데스 벤츠,GLK 220 CDI 4MATIC,2012-02-15,2015-06-03,2020-04-16,4631,질산암모늄을 인플레이터로 사용한 건조제 없는 에어백이 장시간 높은 절대 습도에 노출 된 경우 에어백 전개시 에어백 인플레이터의 하우징이 과도한 내부 압력으로 인해 파열될 수 있습니다.,SUV
BMW,BMW X5 M50d,2013-07-26,2017-06-26,2020-06-01,61,"당사는 당사의 EGR 쿨러가 이전 리콜 대상 EGR 쿨러에 비하여 개선되고 최적화 되었음을 입증하였습니다. 당사의 철학과 경영 정책에 따라, 개별 현장 사례의 분석을 계속하였습니다. 그 결과, 지속적인 노력을 통해 상황이 개선되었음에도, 현장에서 적은 수이기는 하나 EGR 쿨러의 누수가 의심되는 사례를 관찰하게 되었습니다. 이에 고객의 이익과 편의를 충실히 보호하고, 동시에 당사에 매우 중요한 한국 시장을 보호하기 위하여, 현장의 적은 수이기는 하나 이러한 의심 사례를 대처하고 해소하기 위한 예방적인 조치를 취하기로 결정하였습니다. 중요한 점으로서, 당사는 귀 기관과 자동차안전연구원에 모든 것을 투명하게 공개하며, 위와 같은 상황을 명확히 전달 드려왔고, 귀 기관 및 자동차안전연구원과의 충분한 논의를 거친 후, 이번 리콜을 시행하기로 결정하였다는 점을 말씀드립니다.",SUV
BMW,BMW X5 M50d,2013-07-18,2018-06-28,2020-10-01,675,"당사는 당사의 EGR 쿨러가 이전 리콜 대상 EGR 쿨러에 비하여 개선되고 최적화 되었음을 입증하였습니다. 당사의 철학과 경영 정책에 따라, 개별 현장 사례의 분석을 계속하였습니다. 그 결과, 지속적인 노력을 통해 상황이 개선되었음에도, 현장에서 적은 수이기는 하나 EGR 쿨러의 누수가 의심되는 사례를 관찰하게 되었습니다. 이에 고객의 이익과 편의를 충실히 보호하고, 동시에 당사에 매우 중요한 한국 시장을 보호하기 위하여, 현장의 적은 수이기는 하나 이러한 의심 사례를 대처하고 해소하기 위한 예방적인 조치를 취하기로 결정하였습니다. 중요한 점으로서, 당사는 귀 기관과 자동차안전연구원에 모든 것을 투명하게 공개하며, 위와 같은 상황을 명확히 전달 드려왔고, 귀 기관 및 자동차안전연구원과의 충분한 논의를 거친 후, 이번 리콜을 시행하기로 결정하였다는 점을 말씀드립니다.",SUV
BMW,BMW X5 xDrive30d,2018-08-20,2018-08-28,2020-06-01,21,"당사는 당사의 EGR 쿨러가 이전 리콜 대상 EGR 쿨러에 비하여 개선되고 최적화 되었음을 입증하였습니다. 당사의 철학과 경영 정책에 따라, 개별 현장 사례의 분석을 계속하였습니다. 그 결과, 지속적인 노력을 통해 상황이 개선되었음에도, 현장에서 적은 수이기는 하나 EGR 쿨러의 누수가 의심되는 사례를 관찰하게 되었습니다. 이에 고객의 이익과 편의를 충실히 보호하고, 동시에 당사에 매우 중요한 한국 시장을 보호하기 위하여, 현장의 적은 수이기는 하나 이러한 의심 사례를 대처하고 해소하기 위한 예방적인 조치를 취하기로 결정하였습니다. 중요한 점으로서, 당사는 귀 기관과 자동차안전연구원에 모든 것을 투명하게 공개하며, 위와 같은 상황을 명확히 전달 드려왔고, 귀 기관 및 자동차안전연구원과의 충분한 논의를 거친 후, 이번 리콜을 시행하기로 결정하였다는 점을 말씀드립니다.",SUV
BMW,BMW X5 xDrive30d,2018-08-20,2019-02-22,2020-08-01,514,"당사는 당사의 EGR 쿨러가 이전 리콜 대상 EGR 쿨러에 비하여 개선되고 최적화 되었음을 입증하였습니다. 당사의 철학과 경영 정책에 따라, 개별 현장 사례의 분석을 계속하였습니다. 그 결과, 지속적인 노력을 통해 상황이 개선되었음에도, 현장에서 적은 수이기는 하나 EGR 쿨러의 누수가 의심되는 사례를 관찰하게 되었습니다. 이에 고객의 이익과 편의를 충실히 보호하고, 동시에 당사에 매우 중요한 한국 시장을 보호하기 위하여, 현장의 적은 수이기는 하나 이러한 의심 사례를 대처하고 해소하기 위한 예방적인 조치를 취하기로 결정하였습니다. 중요한 점으로서, 당사는 귀 기관과 자동차안전연구원에 모든 것을 투명하게 공개하며, 위와 같은 상황을 명확히 전달 드려왔고, 귀 기관 및 자동차안전연구원과의 충분한 논의를 거친 후, 이번 리콜을 시행하기로 결정하였다는 점을 말씀드립니다.",SUV
BMW,BMW X5 xDrive30d,2013-07-23,2018-06-28,2020-06-01,2596,"당사는 당사의 EGR 쿨러가 이전 리콜 대상 EGR 쿨러에 비하여 개선되고 최적화 되었음을 입증하였습니다. 당사의 철학과 경영 정책에 따라, 개별 현장 사례의 분석을 계속하였습니다. 그 결과, 지속적인 노력을 통해 상황이 개선되었음에도, 현장에서 적은 수이기는 하나 EGR 쿨러의 누수가 의심되는 사례를 관찰하게 되었습니다. 이에 고객의 이익과 편의를 충실히 보호하고, 동시에 당사에 매우 중요한 한국 시장을 보호하기 위하여, 현장의 적은 수이기는 하나 이러한 의심 사례를 대처하고 해소하기 위한 예방적인 조치를 취하기로 결정하였습니다. 중요한 점으로서, 당사는 귀 기관과 자동차안전연구원에 모든 것을 투명하게 공개하며, 위와 같은 상황을 명확히 전달 드려왔고, 귀 기관 및 자동차안전연구원과의 충분한 논의를 거친 후, 이번 리콜을 시행하기로 결정하였다는 점을 말씀드립니다.",SUV
BMW,BMW X5 xDrive30d,2013-07-20,2017-05-16,2020-08-01,5961,"당사는 당사의 EGR 쿨러가 이전 리콜 대상 EGR 쿨러에 비하여 개선되고 최적화 되었음을 입증하였습니다. 당사의 철학과 경영 정책에 따라, 개별 현장 사례의 분석을 계속하였습니다. 그 결과, 지속적인 노력을 통해 상황이 개선되었음에도, 현장에서 적은 수이기는 하나 EGR 쿨러의 누수가 의심되는 사례를 관찰하게 되었습니다. 이에 고객의 이익과 편의를 충실히 보호하고, 동시에 당사에 매우 중요한 한국 시장을 보호하기 위하여, 현장의 적은 수이기는 하나 이러한 의심 사례를 대처하고 해소하기 위한 예방적인 조치를 취하기로 결정하였습니다. 중요한 점으로서, 당사는 귀 기관과 자동차안전연구원에 모든 것을 투명하게 공개하며, 위와 같은 상황을 명확히 전달 드려왔고, 귀 기관 및 자동차안전연구원과의 충분한 논의를 거친 후, 이번 리콜을 시행하기로 결정하였다는 점을 말씀드립니다.",SUV
BMW,BMW X5 xDrive40d,2014-10-13,2018-06-25,2020-06-01,230,"당사는 당사의 EGR 쿨러가 이전 리콜 대상 EGR 쿨러에 비하여 개선되고 최적화 되었음을 입증하였습니다. 당사의 철학과 경영 정책에 따라, 개별 현장 사례의 분석을 계속하였습니다. 그 결과, 지속적인 노력을 통해 상황이 개선되었음에도, 현장에서 적은 수이기는 하나 EGR 쿨러의 누수가 의심되는 사례를 관찰하게 되었습니다. 이에 고객의 이익과 편의를 충실히 보호하고, 동시에 당사에 매우 중요한 한국 시장을 보호하기 위하여, 현장의 적은 수이기는 하나 이러한 의심 사례를 대처하고 해소하기 위한 예방적인 조치를 취하기로 결정하였습니다. 중요한 점으로서, 당사는 귀 기관과 자동차안전연구원에 모든 것을 투명하게 공개하며, 위와 같은 상황을 명확히 전달 드려왔고, 귀 기관 및 자동차안전연구원과의 충분한 논의를 거친 후, 이번 리콜을 시행하기로 결정하였다는 점을 말씀드립니다.",SUV
BMW,BMW X5 xDrive40d,2014-01-11,2017-05-15,2020-08-01,1201,"당사는 당사의 EGR 쿨러가 이전 리콜 대상 EGR 쿨러에 비하여 개선되고 최적화 되었음을 입증하였습니다. 당사의 철학과 경영 정책에 따라, 개별 현장 사례의 분석을 계속하였습니다. 그 결과, 지속적인 노력을 통해 상황이 개선되었음에도, 현장에서 적은 수이기는 하나 EGR 쿨러의 누수가 의심되는 사례를 관찰하게 되었습니다. 이에 고객의 이익과 편의를 충실히 보호하고, 동시에 당사에 매우 중요한 한국 시장을 보호하기 위하여, 현장의 적은 수이기는 하나 이러한 의심 사례를 대처하고 해소하기 위한 예방적인 조치를 취하기로 결정하였습니다. 중요한 점으로서, 당사는 귀 기관과 자동차안전연구원에 모든 것을 투명하게 공개하며, 위와 같은 상황을 명확히 전달 드려왔고, 귀 기관 및 자동차안전연구원과의 충분한 논의를 거친 후, 이번 리콜을 시행하기로 결정하였다는 점을 말씀드립니다.",SUV
르노코리아,XM3,2019-12-17,2020-06-19,2020-07-20,19063,XM3 TCe260과 CAPTUR TCe260 차량에 장착된 연료 펌프 내부 구성품인 임펠러*의 손상으로 인해 엔진으로의 연료 공급량이 감소하거나 연료 공급이 불가한 경우가 발생할 가능성이 확인됨. * 임펠러 : 모터와 결합되어 회전하는 부분으로 날개의 형상과 원심력을 이용하여 액체 상태인 연료에 운동에너지를 전달하여 일정한 압력으로 연료 탱크에서 엔진으로 연료를 공급하는 역할을 하는 연료 펌프의 핵심 부품임,SUV
르노코리아,CAPTUR,2019-12-23,2020-02-11,2020-07-20,930,XM3 TCe260과 CAPTUR TCe260 차량에 장착된 연료 펌프 내부 구성품인 임펠러*의 손상으로 인해 엔진으로의 연료 공급량이 감소하거나 연료 공급이 불가한 경우가 발생할 가능성이 확인됨. * 임펠러 : 모터와 결합되어 회전하는 부분으로 날개의 형상과 원심력을 이용하여 액체 상태인 연료에 운동에너지를 전달하여 일정한 압력으로 연료 탱크에서 엔진으로 연료를 공급하는 역할을 하는 연료 펌프의 핵심 부품임,SUV
메르세데스 벤츠,GLC 350 e 4MATIC,2017-11-02,2018-03-02,2020-08-28,8,"SOS 비상 전화 시스템(eCall)을 위한 통신 모듈 소프트웨어에 오류가 있습니다. SOS비상 전화 시스템(eCall): 운전자가 사고 발생 시 자동적으로 또는 SOS 버튼을 수동적으로 눌러 메르세데스-벤츠 비상 센터와 비상 전화로 통화가 가능하며, 현재 차량 위치 등의 차량 데이터가 메르세데스-벤츠 비상 센터로 전송됩니다. 이를 통하여 사고 발생 시 구조팀의 신속한 구조가 실행될 수 있습니다. SOS 비상 전화 시스템(eCall)을 위한 통신 모듈 소프트웨어에 오류가 있는 경우 SOS비상 전화 시스템(eCall)이 작동되지 않을 수 있습니다.",SUV
BMW,BMW X5 M50d,2020-07-10,2020-07-10,2020-08-28,1,"2020년 7월 10일 생산된 BMW X7 xDrive30d, X5 M50d 차량에서 스타트 모터 고정볼트와 관련한 제작결함이 발견 되었습니다. 스타트 모터를 엔진에 장착시키는 생산공정에서 조립 오류로 스타트 모터* 고정볼트를 부 정확하게 체결하여 플라이 휠**과 간섭이 발생할 수 있습니다. *스타트 모터: 엔진의 시동을 위해 플라이 휠을 돌려주는 전기 모터 **플라이 휠: 엔진의 시동을 위해 크랭크축과 연결된 장치로, 스타트 모터가 작동 시 플라이 휠의 기어와 맞물려 회전",SUV
혼다코리아,ODYSSEY,2017-06-19,2019-10-15,2020-09-18,2424,가. 슬라이딩 도어 외부 핸들 케이블에 장착된 방수를 위한 커버에 틈이 발생됨. 나 .비나 세차 등으로 방수를 위한 커버의 틈을 통해 케이블 내부로 물이 침투될 수 있 고 기온이 매우 낮은 날씨에는 케이블 내부로 침투된 물이 동결 될 수 있음.,MPV/미니밴
혼다코리아,ODYSSEY,2018-04-24,2019-06-11,2020-09-18,1755,"가. 차량용 디스플레이 제어 시스템의 프런트 컨트롤 박스 내부 제어 프로그램이 부적절하여 후진으로 변속하여도, 차량 디스플레이에 후방 카메라 영상이 표시되지 않거나 표시되기까지 2초 이상 걸릴 수 있음. 나. 해당 결함은 FMVSS 111조의 S5.5.3항 “후진 개시 후 2초 이내 표시” 및 S5.5.5항 “후방 카메라 영상 가시성 유지” 조건을 충족시키지 못하여 제작결함 시정 조치함.",MPV/미니밴
혼다코리아,ODYSSEY,2017-06-19,2019-10-15,2020-09-18,2424,"가. 계기판 에 접속되는 통신 네트워크 상태가 불안정하여 다량의 화상 정보 등이 동시에 통신하는 경우, CPU 의 정보처리 능력이 부족하여 계기판의 차량 속도 등의 표시 또는 차량 디스플레이와 후방 카메라 영상 을 표시할 수 없음. 나. 해당 결함은 FMVSS 101조의 S2항 ""계기판 표시기 의 가시성 및 인식 보장"", 111 조의 S5.5.5항 ""후방 카메라영상 의 가시성 유지"" 조건을 충족시키지 못하여 제작결함 시정 조치를 진행.",MPV/미니밴
혼다코리아,ODYSSEY,2018-04-24,2019-10-15,2020-09-18,1755,"가. 증상1- 후방 카메라 커버에 크랙이 발생하여 렌즈에 물이 침투하여 렌즈가 흐려져 화면이 보기 힘들어 지며 기판에 부식이 발생할 경우 화면이 표시되지 않음. 증상2 -렌즈 내의 회로가 부적절하여 후방 카메라 화면이 표시되지 않음. 나. 해당 결함은 FMVSS 111 조의 S5.5.5 항 ""후방 카메라 영상의 가시성 유지""” 조건을 충족시키지 못하여 제작결함 시정 조치.",MPV/미니밴
BMW,BMW X5 xDrive45e iPerformance,2020-07-20,2020-08-07,2020-09-29,26,"당사의 문서번호『BGK-2020-A61-138』로 제출한 PHEV차량의 고전압 배터리 시정조치계획사전보고와 관련하여 BMW 독일본사로부터 추가적인 점검 방법과 점검 결과에 따른 기술적 조치 사항에 대한 내용을 전달 받아 정식 보고 드립니다. 점검 방법의 경우 고객에게 기 판매된 차량에 대해서는 고전압 배터리의 충전이력을 점검하여 80%이상 충전 이력이 확인된 차량은 고객에게 인도하여 차량 운행이 가능하도록 인도하는 방식에서 80%이상의 충전이력을 확인하고 확인된 차량에 한 하여 완전충전(100%) 기록이 차량에 수록되어 있는 경우에만 고객에게 인도하며 정상판정 기준의 충전이력이 확인되지 않은 차량의 경우 고전압 배터리 셀 모듈을 교체합니다. 또한 고객에게 판매되지 않은 차량에 대해서는 고전압 배터리를 완전 충전시킨 뒤 2시간동안 그대로 두고 35% 수준까지 방전시킨 뒤 전용 진단기를 통해 고장메모리의 수록 여부를 판독하여 고장메모리가 확인되면 고전압 배터리 셀 모듈을 교체 합니다. 판매 전 차량을 점검하는 과정에서 화재발생 시 해당 차량은 폐기 될 예정입니다. 금번 시정조치 사유는 기 사전보고 드렸던 내용과 동일하게, 고전압 배터리 팩 용접 시 발생하는 이물질을 제거하기 위한 세척 공정이 불 충분하여 고전압 배터리 팩 내에 이물질이 남아있을 수 있습니다. 이물질의 크기, 위치 등에 따라 충전 시 고전압 배터리의 팽창에 따른 배터리 팩과 이물질간 눌림이 발생하여 첫 번째 충전에서 80%이상 충전 시 고전압 배터리가 단락 되며 드문 경우 화재발생 가능성이 확인 되어 해당 시정조치를 실시합니다.",SUV
메르세데스 벤츠,GLK 220 CDI 4MATIC,2011-10-04,2013-10-31,2020-10-08,2779,"공급 업체의 열처리(경화) 공정이 불충분하여, 전방 차축 프로펠러 샤프트1의 유니버셜 조인트의 경도가 부족하게 제작되었을 수 있습니다. 또한, 해당 부품의 운송 중 불충분한 운송 포장으로 인하여 유니버셜 조인트의 십자축 가동 표면이 손상되었을 수 있습니다. 십자축 가동 표면의 손상으로 인해 전방 차축 유니버셜 조인트의 베어링이 마모가 발생될 수 있고, 그 결과 베어링의 간극이 커져서 오일 누유가 발생될 수 있습니다. 이러한 경우 베어링이 제대로 작동되지 않아 소음과 진동을 발생시킬 수 있습니다. 이러한 상황에서 운행을 지속적으로 하는 경우 충분한 경도가 확보되지 않은 유니버셜 조인트의 플랜지가 파손될 수 있습니다.",SUV
BMW,BMW X5 xDrive45e iPerformance,2020-06-02,2020-07-21,2020-10-26,131,"‘자동차 및 자동차부품의 성능과 기준에 관한 규칙’ 제40조의3(주차등) 조항에 따르면, 길이가 600센티미터 이하, 너비가 200센티미터 이하인 자동차에 주차등 설치를 허용하고 있으며, 설치 하려는 때에는 별표6의32 기준을 충족할 것을 요구하고 있습니다. 그리고 동 규칙 제47조 제3항에 따르면, 제40조의3에 규정되지 아니한 등화나 반사기 등을 설치하는 것은 금지되고 있습니다. *주차등: 이면도로 등에 주차된 차량의 추돌사고 등을 방지하기 위한 목적으로 차량의 위치를 알리고자 주차 후 좌측 또는 우측의 후미등을 켤 수 있도록 하는 기능",SUV
BMW,BMW X5 xDrive40i,2018-10-23,2020-07-18,2020-10-26,372,"‘자동차 및 자동차부품의 성능과 기준에 관한 규칙’ 제40조의3(주차등) 조항에 따르면, 길이가 600센티미터 이하, 너비가 200센티미터 이하인 자동차에 주차등 설치를 허용하고 있으며, 설치 하려는 때에는 별표6의32 기준을 충족할 것을 요구하고 있습니다. 그리고 동 규칙 제47조 제3항에 따르면, 제40조의3에 규정되지 아니한 등화나 반사기 등을 설치하는 것은 금지되고 있습니다. *주차등: 이면도로 등에 주차된 차량의 추돌사고 등을 방지하기 위한 목적으로 차량의 위치를 알리고자 주차 후 좌측 또는 우측의 후미등을 켤 수 있도록 하는 기능",SUV
BMW,BMW X5 xDrive40d,2020-07-07,2020-07-27,2020-10-26,9,"‘자동차 및 자동차부품의 성능과 기준에 관한 규칙’ 제40조의3(주차등) 조항에 따르면, 길이가 600센티미터 이하, 너비가 200센티미터 이하인 자동차에 주차등 설치를 허용하고 있으며, 설치 하려는 때에는 별표6의32 기준을 충족할 것을 요구하고 있습니다. 그리고 동 규칙 제47조 제3항에 따르면, 제40조의3에 규정되지 아니한 등화나 반사기 등을 설치하는 것은 금지되고 있습니다. *주차등: 이면도로 등에 주차된 차량의 추돌사고 등을 방지하기 위한 목적으로 차량의 위치를 알리고자 주차 후 좌측 또는 우측의 후미등을 켤 수 있도록 하는 기능",SUV
BMW,BMW X5 xDrive30d,2018-08-20,2020-07-22,2020-10-26,3556,"‘자동차 및 자동차부품의 성능과 기준에 관한 규칙’ 제40조의3(주차등) 조항에 따르면, 길이가 600센티미터 이하, 너비가 200센티미터 이하인 자동차에 주차등 설치를 허용하고 있으며, 설치 하려는 때에는 별표6의32 기준을 충족할 것을 요구하고 있습니다. 그리고 동 규칙 제47조 제3항에 따르면, 제40조의3에 규정되지 아니한 등화나 반사기 등을 설치하는 것은 금지되고 있습니다. *주차등: 이면도로 등에 주차된 차량의 추돌사고 등을 방지하기 위한 목적으로 차량의 위치를 알리고자 주차 후 좌측 또는 우측의 후미등을 켤 수 있도록 하는 기능",SUV
BMW,BMW X5 M50d,2018-08-17,2020-07-10,2020-10-26,274,"‘자동차 및 자동차부품의 성능과 기준에 관한 규칙’ 제40조의3(주차등) 조항에 따르면, 길이가 600센티미터 이하, 너비가 200센티미터 이하인 자동차에 주차등 설치를 허용하고 있으며, 설치 하려는 때에는 별표6의32 기준을 충족할 것을 요구하고 있습니다. 그리고 동 규칙 제47조 제3항에 따르면, 제40조의3에 규정되지 아니한 등화나 반사기 등을 설치하는 것은 금지되고 있습니다. *주차등: 이면도로 등에 주차된 차량의 추돌사고 등을 방지하기 위한 목적으로 차량의 위치를 알리고자 주차 후 좌측 또는 우측의 후미등을 켤 수 있도록 하는 기능",SUV
BMW,BMW X5 xDrive30d,2020-06-01,2020-06-18,2020-12-04,24,"BMW 자체 품질 조사 결과 2020년 6월 1일부터 2020년 6월 28일까지 생산된 BMW X5 M, X5 M50i, X5 xDrive30d, X5 xDrive40i, X5 xDrive45e iPerformance, X6 M, X6 xDrive30d, X6 xDrive40i, X7 M50i, X7 xDrive30d, X7 xDrive40i 차량에서 앞 차축(서브프레임)*과 관련된 제작결함이 발견 되었습니다. 앞 차축(서브 프레임)*을 생산하는 설비 중 용접장비가 유지보수 작업 후 정확한 용접위치로 조정되지 않은 것이 확인 되었습니다.",SUV
BMW,BMW X5 xDrive40i,2020-06-06,2020-06-16,2020-12-04,4,"BMW 자체 품질 조사 결과 2020년 6월 1일부터 2020년 6월 28일까지 생산된 BMW X5 M, X5 M50i, X5 xDrive30d, X5 xDrive40i, X5 xDrive45e iPerformance, X6 M, X6 xDrive30d, X6 xDrive40i, X7 M50i, X7 xDrive30d, X7 xDrive40i 차량에서 앞 차축(서브프레임)*과 관련된 제작결함이 발견 되었습니다. 앞 차축(서브 프레임)*을 생산하는 설비 중 용접장비가 유지보수 작업 후 정확한 용접위치로 조정되지 않은 것이 확인 되었습니다.",SUV
BMW,BMW X5 xDrive40e iPerformance,2020-06-02,2020-06-15,2020-12-04,3,"BMW 자체 품질 조사 결과 2020년 6월 1일부터 2020년 6월 28일까지 생산된 BMW X5 M, X5 M50i, X5 xDrive30d, X5 xDrive40i, X5 xDrive45e iPerformance, X6 M, X6 xDrive30d, X6 xDrive40i, X7 M50i, X7 xDrive30d, X7 xDrive40i 차량에서 앞 차축(서브프레임)*과 관련된 제작결함이 발견 되었습니다. 앞 차축(서브 프레임)*을 생산하는 설비 중 용접장비가 유지보수 작업 후 정확한 용접위치로 조정되지 않은 것이 확인 되었습니다.",SUV
BMW,BMW X7 xDrive40i,2020-06-15,2020-06-16,2020-12-04,7,"BMW 자체 품질 조사 결과 2020년 6월 1일부터 2020년 6월 28일까지 생산된 BMW X5 M, X5 M50i, X5 xDrive30d, X5 xDrive40i, X5 xDrive45e iPerformance, X6 M, X6 xDrive30d, X6 xDrive40i, X7 M50i, X7 xDrive30d, X7 xDrive40i 차량에서 앞 차축(서브프레임)*과 관련된 제작결함이 발견 되었습니다. 앞 차축(서브 프레임)*을 생산하는 설비 중 용접장비가 유지보수 작업 후 정확한 용접위치로 조정되지 않은 것이 확인 되었습니다.",SUV
BMW,BMW X5 xDrive30d,2020-07-28,2020-09-27,2020-12-29,27,"발전기 +, - 배선 설치 공정에서의 오류로 단자의 부 정확한 고정 가능성으로 단자와 배선의 접촉이 완결하지 않을 수 있습니다.",SUV
BMW,BMW X5 xDrive40d,2020-06-14,2020-08-25,2020-12-29,7,"발전기 +, - 배선 설치 공정에서의 오류로 단자의 부 정확한 고정 가능성으로 단자와 배선의 접촉이 완결하지 않을 수 있습니다.",SUV
BMW,BMW X5 xDrive40i,2020-08-07,2020-08-14,2020-12-29,2,"발전기 +, - 배선 설치 공정에서의 오류로 단자의 부 정확한 고정 가능성으로 단자와 배선의 접촉이 완결하지 않을 수 있습니다.",SUV
BMW,BMW X7 xDrive40d,2020-08-03,2020-09-12,2020-12-29,17,"발전기 +, - 배선 설치 공정에서의 오류로 단자의 부 정확한 고정 가능성으로 단자와 배선의 접촉이 완결하지 않을 수 있습니다.",SUV
BMW,BMW X5 xDrive45e iPerformance,2020-06-06,2020-09-11,2020-12-29,233,배터리 셀의 제조공정 과정에서 배터리 셀 내에 이물질(용접비산물질)이 완벽하게 제거되지 않았을 가능성이 있습니다.,SUV
메르세데스 벤츠,GLC 350 e 4MATIC,2017-03-09,2019-06-12,2021-03-01,4728,"비상 통신 시스템(eCall)을 위한 통신 모듈 소프트웨어가 사양에 맞지 않을 수 있습니다. 차량 충돌로 인해 통신 모듈의 전원 공급이 일시적으로 중단된 경우, 차량 위치가 잘못 전송 될 수 있습니다.",SUV
BMW,BMW X7 xDrive40d,2020-11-21,2020-11-21,2021-03-05,2,"BMW 자체 품질조사결과 2020년 2월 10일부터 2020년 11월 30일까지 생산된 BMW 840i xDrive Gran Coupe, M4 Competition, 740Li xDrive, 730d xDrive, 745e iPerformance, 740i, X5 xDrive30d, X6 xDrive30d, X7 M50d, X7 xDrive 30d, M8 Gran Coupe Competition, X6 M50d, X5 xDrive40i, M8 Coupe Competition, 730Ld xDrive, 745Le iPerformance, 840d xDrive Gran Coupe, 740d xDrive, X6 xDrive40i, X7 xDrive40i, X5 xDrive45e iPerformance, X5 M50i, X6 M Competition, X7 xDrive40d, 840i xDrive Coupe 차량의 일부에서 브레이크 하이드롤릭 유닛(유압제어장치)*과 관련한 제작결함이 발견 되었습니다. 하이드롤릭 유닛을 생산하는 과정에서 하이드롤릿 유닛 내 브레이크 신호를 감지하는 전자 모터의 로터**와 샤프트***간 용접불량으로 로터가 샤프트에 정확하게 고정되지 않았을 수 있습니다. *하이드롤릭 유닛(유압제어장치): 운전자의 브레이크 페달 신호를 감지하여 페달양에 따라 제동력을 발생시키는 장치 **로터: 전기 모터에서 전선이 감겨 회전하는 부품 ***샤프트: 로터와 고정된 축",SUV
BMW,BMW X7 xDrive40i,2020-03-20,2020-10-17,2021-03-05,4,"BMW 자체 품질조사결과 2020년 2월 10일부터 2020년 11월 30일까지 생산된 BMW 840i xDrive Gran Coupe, M4 Competition, 740Li xDrive, 730d xDrive, 745e iPerformance, 740i, X5 xDrive30d, X6 xDrive30d, X7 M50d, X7 xDrive 30d, M8 Gran Coupe Competition, X6 M50d, X5 xDrive40i, M8 Coupe Competition, 730Ld xDrive, 745Le iPerformance, 840d xDrive Gran Coupe, 740d xDrive, X6 xDrive40i, X7 xDrive40i, X5 xDrive45e iPerformance, X5 M50i, X6 M Competition, X7 xDrive40d, 840i xDrive Coupe 차량의 일부에서 브레이크 하이드롤릭 유닛(유압제어장치)*과 관련한 제작결함이 발견 되었습니다. 하이드롤릭 유닛을 생산하는 과정에서 하이드롤릿 유닛 내 브레이크 신호를 감지하는 전자 모터의 로터**와 샤프트***간 용접불량으로 로터가 샤프트에 정확하게 고정되지 않았을 수 있습니다. *하이드롤릭 유닛(유압제어장치): 운전자의 브레이크 페달 신호를 감지하여 페달양에 따라 제동력을 발생시키는 장치 **로터: 전기 모터에서 전선이 감겨 회전하는 부품 ***샤프트: 로터와 고정된 축",SUV
BMW,BMW X5 xDrive30d,2020-02-17,2020-03-17,2021-03-05,4,"BMW 자체 품질조사결과 2020년 2월 10일부터 2020년 11월 30일까지 생산된 BMW 840i xDrive Gran Coupe, M4 Competition, 740Li xDrive, 730d xDrive, 745e iPerformance, 740i, X5 xDrive30d, X6 xDrive30d, X7 M50d, X7 xDrive 30d, M8 Gran Coupe Competition, X6 M50d, X5 xDrive40i, M8 Coupe Competition, 730Ld xDrive, 745Le iPerformance, 840d xDrive Gran Coupe, 740d xDrive, X6 xDrive40i, X7 xDrive40i, X5 xDrive45e iPerformance, X5 M50i, X6 M Competition, X7 xDrive40d, 840i xDrive Coupe 차량의 일부에서 브레이크 하이드롤릭 유닛(유압제어장치)*과 관련한 제작결함이 발견 되었습니다. 하이드롤릭 유닛을 생산하는 과정에서 하이드롤릿 유닛 내 브레이크 신호를 감지하는 전자 모터의 로터**와 샤프트***간 용접불량으로 로터가 샤프트에 정확하게 고정되지 않았을 수 있습니다. *하이드롤릭 유닛(유압제어장치): 운전자의 브레이크 페달 신호를 감지하여 페달양에 따라 제동력을 발생시키는 장치 **로터: 전기 모터에서 전선이 감겨 회전하는 부품 ***샤프트: 로터와 고정된 축",SUV
BMW,BMW X5 xDrive30d,2020-10-17,2020-10-19,2021-03-05,2,"BMW 자체 품질조사결과 2020년 2월 10일부터 2020년 11월 30일까지 생산된 BMW 840i xDrive Gran Coupe, M4 Competition, 740Li xDrive, 730d xDrive, 745e iPerformance, 740i, X5 xDrive30d, X6 xDrive30d, X7 M50d, X7 xDrive 30d, M8 Gran Coupe Competition, X6 M50d, X5 xDrive40i, M8 Coupe Competition, 730Ld xDrive, 745Le iPerformance, 840d xDrive Gran Coupe, 740d xDrive, X6 xDrive40i, X7 xDrive40i, X5 xDrive45e iPerformance, X5 M50i, X6 M Competition, X7 xDrive40d, 840i xDrive Coupe 차량의 일부에서 브레이크 하이드롤릭 유닛(유압제어장치)*과 관련한 제작결함이 발견 되었습니다. 하이드롤릭 유닛을 생산하는 과정에서 하이드롤릿 유닛 내 브레이크 신호를 감지하는 전자 모터의 로터**와 샤프트***간 용접불량으로 로터가 샤프트에 정확하게 고정되지 않았을 수 있습니다. *하이드롤릭 유닛(유압제어장치): 운전자의 브레이크 페달 신호를 감지하여 페달양에 따라 제동력을 발생시키는 장치 **로터: 전기 모터에서 전선이 감겨 회전하는 부품 ***샤프트: 로터와 고정된 축",SUV
BMW,BMW X5 xDrive40i,2020-02-19,2020-10-12,2021-03-05,3,"BMW 자체 품질조사결과 2020년 2월 10일부터 2020년 11월 30일까지 생산된 BMW 840i xDrive Gran Coupe, M4 Competition, 740Li xDrive, 730d xDrive, 745e iPerformance, 740i, X5 xDrive30d, X6 xDrive30d, X7 M50d, X7 xDrive 30d, M8 Gran Coupe Competition, X6 M50d, X5 xDrive40i, M8 Coupe Competition, 730Ld xDrive, 745Le iPerformance, 840d xDrive Gran Coupe, 740d xDrive, X6 xDrive40i, X7 xDrive40i, X5 xDrive45e iPerformance, X5 M50i, X6 M Competition, X7 xDrive40d, 840i xDrive Coupe 차량의 일부에서 브레이크 하이드롤릭 유닛(유압제어장치)*과 관련한 제작결함이 발견 되었습니다. 하이드롤릭 유닛을 생산하는 과정에서 하이드롤릿 유닛 내 브레이크 신호를 감지하는 전자 모터의 로터**와 샤프트***간 용접불량으로 로터가 샤프트에 정확하게 고정되지 않았을 수 있습니다. *하이드롤릭 유닛(유압제어장치): 운전자의 브레이크 페달 신호를 감지하여 페달양에 따라 제동력을 발생시키는 장치 **로터: 전기 모터에서 전선이 감겨 회전하는 부품 ***샤프트: 로터와 고정된 축",SUV
BMW,BMW X5 xDrive45e iPerformance,2020-10-16,2020-11-24,2021-03-05,2,"BMW 자체 품질조사결과 2020년 2월 10일부터 2020년 11월 30일까지 생산된 BMW 840i xDrive Gran Coupe, M4 Competition, 740Li xDrive, 730d xDrive, 745e iPerformance, 740i, X5 xDrive30d, X6 xDrive30d, X7 M50d, X7 xDrive 30d, M8 Gran Coupe Competition, X6 M50d, X5 xDrive40i, M8 Coupe Competition, 730Ld xDrive, 745Le iPerformance, 840d xDrive Gran Coupe, 740d xDrive, X6 xDrive40i, X7 xDrive40i, X5 xDrive45e iPerformance, X5 M50i, X6 M Competition, X7 xDrive40d, 840i xDrive Coupe 차량의 일부에서 브레이크 하이드롤릭 유닛(유압제어장치)*과 관련한 제작결함이 발견 되었습니다. 하이드롤릭 유닛을 생산하는 과정에서 하이드롤릿 유닛 내 브레이크 신호를 감지하는 전자 모터의 로터**와 샤프트***간 용접불량으로 로터가 샤프트에 정확하게 고정되지 않았을 수 있습니다. *하이드롤릭 유닛(유압제어장치): 운전자의 브레이크 페달 신호를 감지하여 페달양에 따라 제동력을 발생시키는 장치 **로터: 전기 모터에서 전선이 감겨 회전하는 부품 ***샤프트: 로터와 고정된 축",SUV
BMW,BMW X5 xDrive30d,2020-10-16,2021-01-11,2021-03-12,6,"BMW 자체품질조사결과 2020년 10월 03일부터 2021년 01월 11일까지 생산된 BMW X5 xDrive30d 등 3개 모델에서 발전기** +, - 배선의 고정과 관련한 제작결함이 발견되었습니다.",SUV
BMW,BMW X7 xDrive40d,2020-11-14,2020-11-14,2021-03-12,1,"BMW 자체품질조사결과 2020년 10월 03일부터 2021년 01월 11일까지 생산된 BMW X5 xDrive30d 등 3개 모델에서 발전기** +, - 배선의 고정과 관련한 제작결함이 발견되었습니다.",SUV
현대자동차,GV70,2021-01-21,2021-02-04,2021-03-29,829,가솔린 2.5 터보 엔진 고압연료파이프 성형 불량에 의한 기밀 저하로 체결부 누유 가능성,SUV
현대자동차,GV80,2021-01-21,2021-02-04,2021-03-29,302,가솔린 2.5 터보 엔진 고압연료파이프 성형 불량에 의한 기밀 저하로 체결부 누유 가능성,SUV
BMW,BMW X5 M50d,2013-07-18,2018-06-28,2021-11-01,733,"BMW 자체 품질조사 결과 2011년 3월 31일부터 2020년 8월 28일까지 생산된 BMW 118d, 120d, 220d, 320d, 323d, 328d, 420d, 435d, 518d, 520d, 525d, 530d, 535d, 630d, 640d, 730d, 730Ld, 740d, 740Ld,750Ld, 840d, M550d, X1, X3, X4, X4 M40d, X5, X5 M50d, X6, X6 M50d, X7 모델 중 일부 차량에서 극히 드문 경우, 배기가스재순환장치(EGR) 쿨러의 제작결함이 발견 되었습니다.",SUV
혼다코리아,CR-V 2wd,2018-12-20,2019-04-22,2021-05-10,251,"가. 2020 년 7 월 13 일 ACCORD 2.0 T 모델 608 대 대상으로 시행했던 리콜의 대상 차종 확대 건임. 나. 연료 펌프 내 부 의 임펠러 1 가 사출 성형 2 제 조 과정에서 낮은 압력으로 압축되어 임펠러 의 수지밀도가 낮게 제작 되었으며 저밀도 제품의 임펠러를 연료 펌프에 조립 함. 다. 출하검사 공정에 사용되는 검사액 3 이 수지 밀도가 낮은 임펠러 내부까지 침투되기 쉬워지고 , 장기간 방 치되었을 경우에 임펠러 표층에 침투된 검사액이 휘발되어 표층과 내부의 수축 차이로 인 해 임펠러 표층에 미세한 크랙이 발생됨. 라. 임펠러 표층에 미세한 크랙이 발생한 상태에서 차량 이 운행될 경우 연료가 연료펌프 내부의 임펠러 크랙 부분에 침투되고 고온 환경에서 사용되므로 팽창에 의해 임펠러에 변형이 발생됨. *1. 임펠러 연료 펌프 내부에 있는 수지제의 날개형이며 회전하면서 연료를 압송하는 것. *2. 사출 성형 : 열을 가한 원통 속에 가소성 수지를 넣고 녹인 다음 틀 안으로 압력을 가하여 제품을 만드는 방식. *3. 검사액 : 펌프 전수 검사에 사용하는 유기용제 드라이 흡수제",SUV
혼다코리아,CR-V 4wd,2018-12-05,2019-04-23,2021-05-10,733,"가. 2020 년 7 월 13 일 ACCORD 2.0 T 모델 608 대 대상으로 시행했던 리콜의 대상 차종 확대 건임. 나. 연료 펌프 내 부 의 임펠러 1 가 사출 성형 2 제 조 과정에서 낮은 압력으로 압축되어 임펠러 의 수지밀도가 낮게 제작 되었으며 저밀도 제품의 임펠러를 연료 펌프에 조립 함. 다. 출하검사 공정에 사용되는 검사액 3 이 수지 밀도가 낮은 임펠러 내부까지 침투되기 쉬워지고 , 장기간 방 치되었을 경우에 임펠러 표층에 침투된 검사액이 휘발되어 표층과 내부의 수축 차이로 인 해 임펠러 표층에 미세한 크랙이 발생됨. 라. 임펠러 표층에 미세한 크랙이 발생한 상태에서 차량 이 운행될 경우 연료가 연료펌프 내부의 임펠러 크랙 부분에 침투되고 고온 환경에서 사용되므로 팽창에 의해 임펠러에 변형이 발생됨. *1. 임펠러 연료 펌프 내부에 있는 수지제의 날개형이며 회전하면서 연료를 압송하는 것. *2. 사출 성형 : 열을 가한 원통 속에 가소성 수지를 넣고 녹인 다음 틀 안으로 압력을 가하여 제품을 만드는 방식. *3. 검사액 : 펌프 전수 검사에 사용하는 유기용제 드라이 흡수제",SUV
혼다코리아,CR-V 4wd,2019-08-07,2019-08-07,2021-05-10,1,"가. 2020 년 7 월 13 일 ACCORD 2.0 T 모델 608 대 대상으로 시행했던 리콜의 대상 차종 확대 건임. 나. 연료 펌프 내 부 의 임펠러 1 가 사출 성형 2 제 조 과정에서 낮은 압력으로 압축되어 임펠러 의 수지밀도가 낮게 제작 되었으며 저밀도 제품의 임펠러를 연료 펌프에 조립 함. 다. 출하검사 공정에 사용되는 검사액 3 이 수지 밀도가 낮은 임펠러 내부까지 침투되기 쉬워지고 , 장기간 방 치되었을 경우에 임펠러 표층에 침투된 검사액이 휘발되어 표층과 내부의 수축 차이로 인 해 임펠러 표층에 미세한 크랙이 발생됨. 라. 임펠러 표층에 미세한 크랙이 발생한 상태에서 차량 이 운행될 경우 연료가 연료펌프 내부의 임펠러 크랙 부분에 침투되고 고온 환경에서 사용되므로 팽창에 의해 임펠러에 변형이 발생됨. *1. 임펠러 연료 펌프 내부에 있는 수지제의 날개형이며 회전하면서 연료를 압송하는 것. *2. 사출 성형 : 열을 가한 원통 속에 가소성 수지를 넣고 녹인 다음 틀 안으로 압력을 가하여 제품을 만드는 방식. *3. 검사액 : 펌프 전수 검사에 사용하는 유기용제 드라이 흡수제",SUV
혼다코리아,ODYSSEY,2018-11-06,2019-05-06,2021-05-10,25,"가. 2020 년 7 월 13 일 ACCORD 2.0 T 모델 608 대 대상으로 시행했던 리콜의 대상 차종 확대 건임. 나. 연료 펌프 내 부 의 임펠러 1 가 사출 성형 2 제 조 과정에서 낮은 압력으로 압축되어 임펠러 의 수지밀도가 낮게 제작 되었으며 저밀도 제품의 임펠러를 연료 펌프에 조립 함. 다. 출하검사 공정에 사용되는 검사액 3 이 수지 밀도가 낮은 임펠러 내부까지 침투되기 쉬워지고 , 장기간 방 치되었을 경우에 임펠러 표층에 침투된 검사액이 휘발되어 표층과 내부의 수축 차이로 인 해 임펠러 표층에 미세한 크랙이 발생됨. 라. 임펠러 표층에 미세한 크랙이 발생한 상태에서 차량 이 운행될 경우 연료가 연료펌프 내부의 임펠러 크랙 부분에 침투되고 고온 환경에서 사용되므로 팽창에 의해 임펠러에 변형이 발생됨. *1. 임펠러 연료 펌프 내부에 있는 수지제의 날개형이며 회전하면서 연료를 압송하는 것. *2. 사출 성형 : 열을 가한 원통 속에 가소성 수지를 넣고 녹인 다음 틀 안으로 압력을 가하여 제품을 만드는 방식. *3. 검사액 : 펌프 전수 검사에 사용하는 유기용제 드라이 흡수제",MPV/미니밴
BMW,BMW X5 xDrive30d,2016-07-26,2016-09-13,2021-06-04,11,상부 타이밍 체인 생산 과정에서 상부 타이밍 체인에 코팅 작업이 누락되어 내구성이 부족할 수 있음을 확인했습니다.,SUV
BMW,BMW X5 xDrive40d,2016-07-26,2016-07-28,2021-06-04,5,상부 타이밍 체인 생산 과정에서 상부 타이밍 체인에 코팅 작업이 누락되어 내구성이 부족할 수 있음을 확인했습니다.,SUV
메르세데스 벤츠,GLC 350 e 4MATIC,2018-09-25,2018-09-29,2021-07-30,3,서비스 센터의 수리 작업 공정 오류로 인하여 전방 고정 부가 폴리카보네이트(polycarbonate) 패널인 경우 접합부가 사양에 맞지 않게 접합되었을 수 있습니다. 폴리카보네이트 패널의 접착력이 시간이 지남에 따라 약화될 수 있습니다.,SUV
토요타,토요타 RAV4,2020-09-01,2021-05-14,2021-08-12,201,"연료펌프 컨트롤 컴퓨터의 연료펌프 제어가 부적절하여, 장시간 주차 후 연료 압력이 낮은 상태에서 시동을 걸었을 때 연료 펌프가 정상적으로 작동하지 않을 가능성이 있음.",SUV
BMW,BMW X5 xDrive30d,2013-07-29,2018-06-28,2021-08-27,2926,"BMW 자체 품질 조사 결과 2010년 06월 25일부터 2019년 05월 16일까지 제작된 BMW 1 Series Sport, 220d Coupe, 320d, 320d ED, 320d Gran Turismo, 320d Touring, 320d xDrive, 320d xDrive Gran Turismo, 320d xDrive Touring, 420d Coupe, 420d Gran Coupe, 420d xDrive Gran Coupe, 435d xDrive Gran Coupe, 520d, 520d xDrive, 530d xDrive, 535d, 640d xDrive Gran Coupe, 730d xDrive, 730Ld, 740d xDrive, Gran Turismo 30d, Gran Turismo 30d xDrive, Gran Turismo EfficientDynamics Edition, GT 20d, GT 30d, GT 30d xDrive, X1 xDrive20d, X3 xDrive20d, X3 xDrive30d, X4 xDrive30d, X5 xDrive30d, X5 xDrive40d, X6 xDrive30d, X6 xDrive40d 차량 총 8,320대에서 고압 연료 펌프와 관련된 결함을 확인했습니다.",SUV
BMW,BMW X5 xDrive40d,2014-01-23,2018-06-25,2021-08-27,340,"BMW 자체 품질 조사 결과 2010년 06월 25일부터 2019년 05월 16일까지 제작된 BMW 1 Series Sport, 220d Coupe, 320d, 320d ED, 320d Gran Turismo, 320d Touring, 320d xDrive, 320d xDrive Gran Turismo, 320d xDrive Touring, 420d Coupe, 420d Gran Coupe, 420d xDrive Gran Coupe, 435d xDrive Gran Coupe, 520d, 520d xDrive, 530d xDrive, 535d, 640d xDrive Gran Coupe, 730d xDrive, 730Ld, 740d xDrive, Gran Turismo 30d, Gran Turismo 30d xDrive, Gran Turismo EfficientDynamics Edition, GT 20d, GT 30d, GT 30d xDrive, X1 xDrive20d, X3 xDrive20d, X3 xDrive30d, X4 xDrive30d, X5 xDrive30d, X5 xDrive40d, X6 xDrive30d, X6 xDrive40d 차량 총 8,320대에서 고압 연료 펌프와 관련된 결함을 확인했습니다.",SUV
메르세데스 벤츠,GLC 350 e 4MATIC,2017-03-09,2019-05-17,2021-10-08,90,"비상 통신 시스템(eCall)을 위한 통신 모듈 소프트웨어가 사양에 맞지 않아 차량 충돌로 인한 통신 모듈의 전원 공급이 일시적으로 중단된 경우, 차량 위치가 잘못 전송 될 수 있습니다.",SUV
BMW,BMW X5 xDrive45e iPerformance,2020-07-16,2020-07-16,2021-10-22,1,"당사의 문서번호『BGK-2020-A61-180』로 제출한 PHEV차량의 고전압 배터리 시정조치계획『2020RIV260』과 관련하여 고전압 배터리 품질에 관한 지속적인 분석 결과, BMW 독일본사로부터 문제가 발생할 가능성이 존재하는 차량이 발견되었습니다. 추가 된 대상 차량은 1)최초 고전압 배터리 성능 테스트를 통과하여 셀 모듈이 교체되지 않고 출고된 차량과 2)2020년 12월 실시된 『2020RIV260』 시정조치 당시 배터리가 이미 교체되었으나, 교체된 셀 모듈에서 추가 문제가 발생할 가능성이 있는 차량입니다",SUV
BMW,BMW X5 xDrive40d,2020-07-14,2020-07-19,2021-11-05,3,"발전기 +, - 배선 설치 공정에서의 오류로 단자의 부 정확한 고정 가능성이 발견되었습니다",SUV
BMW,BMW X5 xDrive30d,2017-02-06,2017-02-12,2021-11-05,2,"고압 연료 펌프의 설계 결함으로 내부 롤러의 마모에 의해 쇳가루가 발생하고, 발생된 쇳가루가 연료 공급라인(유량 제어 밸브 및 인젝터)을 막을 수 있습니다.",SUV
르노코리아,XM3,2019-12-03,2021-11-19,2022-02-28,29810,"XM3 차량의 전자식 조향 제어장치 소프트웨어 오류로 조향 제어장치 회로기판에 열적 손상이 발생 할 수 있고, 이로 인해 경고등 점등 및 스티어링 휠이 무거워져 안전에 지장을 줄 가능성이 있음.",SUV
르노코리아,XM3,2020-01-15,2021-11-18,2022-02-28,15666,"XM3 차량의 전자식 조향 제어장치 소프트웨어 오류로 조향 제어장치 회로기판에 열적 손상이 발생 할 수 있고, 이로 인해 경고등 점등 및 스티어링 휠이 무거워져 안전에 지장을 줄 가능성이 있음.",SUV
메르세데스 벤츠,GLC 350 e 4MATIC,2018-11-02,2018-11-02,2022-03-25,1,"생산 공정 오류로 인하여 연료 레일의 가공 잔여물(금속 또는 플라스틱)이 연료 레일과 인젝터 사이에 포함되어 조립되었을 수 있습니다. 잔여물의 날카로운 모서리에 의해 연료 레일과 인젝터 사이의 실링이 손상될 수 있고, 이로 인해 연료가 누유될 수 있습니다.",SUV
르노코리아,QM6,2020-03-03,2020-07-31,2022-03-31,9189,QM6 가솔린 (GDe) 차량의 연료공급호스와 연결되는 파이프(연료라인)가 완전하게 삽입되지 않은 상태로 부품업체에서 일부 공급되어 차량에 장착된 것이 확인 됨,SUV
BMW,BMW X5 xDrive30d xLine,2018-08-20,2020-07-29,2022-03-31,336,엔진 컨트롤 유닛 (DDE)의 진단 관련 소프트웨어의 오류가 있는 것을 확인하였습니다.,SUV
BMW,BMW X7 xDrive30d Design Pure Excellence,2018-12-21,2020-07-28,2022-03-31,136,엔진 컨트롤 유닛 (DDE)의 진단 관련 소프트웨어의 오류가 있는 것을 확인하였습니다.,SUV
BMW,BMW X5 xDrive30d xLine,2018-08-21,2020-06-29,2022-04-15,24,당사의 문서번호 『BGK-2022-A61-027』로 제출한 엔진 컨트롤유닛(DDE) 시정조치계획보고 『2022RIV063』와 관련하여 BMW 독일 본사로부터 추가 대상 차량을 전달 받아 추가 보고 드립니다. 엔진 컨트롤 유닛 (DDE)의 진단 관련 소프트웨어의 오류가 있는 것을 확인하였습니다.,SUV
BMW,BMW X7 xDrive30d Design Pure Excellence,2018-12-21,2020-06-22,2022-04-15,9,당사의 문서번호 『BGK-2022-A61-027』로 제출한 엔진 컨트롤유닛(DDE) 시정조치계획보고 『2022RIV063』와 관련하여 BMW 독일 본사로부터 추가 대상 차량을 전달 받아 추가 보고 드립니다. 엔진 컨트롤 유닛 (DDE)의 진단 관련 소프트웨어의 오류가 있는 것을 확인하였습니다.,SUV
혼다코리아,ODYSSEY,2017-06-19,2022-03-09,2022-04-18,3118,"파워윈도우 마스터스위치 사양 오류로 인해 윈도우 조작 시 안전에 영향을 끼칠 가능성이 있음. 해당 결함은 FMVSS 118조 S4의 (d), (e), S5, S5.1, S8.1의(b) 조건을 충족시키지 못함.",MPV/미니밴
메르세데스 벤츠,ML 350 BLUETEC 4MATIC,2018-12-10,2011-04-12,2022-05-20,7,"브레이크 진공펌프 하우징의 결합 부위에 장착되어 있는 고무 밴드(elastic band) 아래로 습기가 침투하여 브레이크 진공펌프 하우징의 결합 부위가 부식될 수 있습니다. 그리고, 장기간 습기 유입과 부식이 진행될 경우 브레이크 진공펌프에서 진공압의 누출(leakage)이 발생될 수 있습니다.",SUV
르노코리아,XM3,2019-12-17,2020-12-21,2022-06-02,26186,XM3 TCe260과 CAPTUR TCe260 차량에 장착된 연료 펌프 내부 구성품인 임펠러의 마찰이나 손상으로 인해 엔진으로의 연료 공급량이 감소하거나 연료 공급이 불가한 경우가 발생할 가능성이 확인됨. * 임펠러 : 모터와 결합되어 회전하는 부분으로 날개의 형상과 원심력을 이용하여 액체 상태인 연료에 운동에너지를 전달하여 일정한 압력으로 연료 탱크에서 엔진으로 연료를 공급하는 역할을 하는 연료 펌프의 핵심 부품임,SUV
르노코리아,CAPTUR,2019-12-23,2021-01-21,2022-06-02,2706,XM3 TCe260과 CAPTUR TCe260 차량에 장착된 연료 펌프 내부 구성품인 임펠러의 마찰이나 손상으로 인해 엔진으로의 연료 공급량이 감소하거나 연료 공급이 불가한 경우가 발생할 가능성이 확인됨. * 임펠러 : 모터와 결합되어 회전하는 부분으로 날개의 형상과 원심력을 이용하여 액체 상태인 연료에 운동에너지를 전달하여 일정한 압력으로 연료 탱크에서 엔진으로 연료를 공급하는 역할을 하는 연료 펌프의 핵심 부품임,SUV
BMW,BMW X5 M50d,2019-07-17,2019-11-20,2022-06-17,31,"연료 필터와 결합된 히터 내부의 밀봉이 제대로 되지 않았을 경우, 연결 부위에서 소량의 연료가 누유되서 전원 분배기** 내부로 유입되어 전원 공급이 제대로 되지 않을 수 있습니다. *연료 필터 히터 : 겨울철 디젤 연료의 온도 감소를 방지하거나 엔진이 작동하는 동안 디젤 연료의 특정 온도를 유지시키는 장치 **전원 분배기(Integrated Voltage Module) : 구동장치 전압 공급에 사용되는 전자모듈",SUV
BMW,BMW X5 xDrive30d xLine,2019-07-15,2019-11-19,2022-06-17,1082,"연료 필터와 결합된 히터 내부의 밀봉이 제대로 되지 않았을 경우, 연결 부위에서 소량의 연료가 누유되서 전원 분배기** 내부로 유입되어 전원 공급이 제대로 되지 않을 수 있습니다. *연료 필터 히터 : 겨울철 디젤 연료의 온도 감소를 방지하거나 엔진이 작동하는 동안 디젤 연료의 특정 온도를 유지시키는 장치 **전원 분배기(Integrated Voltage Module) : 구동장치 전압 공급에 사용되는 전자모듈",SUV
BMW,BMW X7 xDrive30d Design Pure Excellence,2019-07-17,2019-11-20,2022-06-17,63,"연료 필터와 결합된 히터 내부의 밀봉이 제대로 되지 않았을 경우, 연결 부위에서 소량의 연료가 누유되서 전원 분배기** 내부로 유입되어 전원 공급이 제대로 되지 않을 수 있습니다. *연료 필터 히터 : 겨울철 디젤 연료의 온도 감소를 방지하거나 엔진이 작동하는 동안 디젤 연료의 특정 온도를 유지시키는 장치 **전원 분배기(Integrated Voltage Module) : 구동장치 전압 공급에 사용되는 전자모듈",SUV
BMW,BMW X5 xDrive 30d,2022-06-22,2022-06-22,2022-09-02,1,자동변속기 내부 주차 기어를 고정하는 이탈 방지 링의 제작 과정 상 오류로 주차 기어가 이탈될 수 있습니다.,SUV
재규어랜드로버,재규어 F-PACE D200,2021-03-26,2022-03-10,2022-09-16,44,"당사에서 수입한 ‘재규어 F-PACE’ 일부 차량의 제조 과정에서 방향지시등 등광색이 테일게이트 램프 어셈블리 안쪽은 빨간색, 바깥쪽은 호박색으로 혼재되어 작동될 가능성이 있음. 이는 UN ECE R48 - Installation of lighting and light-signalling devices 및『자동차 및 자동차부품의 성능과 기준에 관한 규칙』 제44조(방향지시등)에서 정한 규정위반임. 『자동차 및 자동차부품의 성능과 기준에 관한 규칙』에서 정한 기준 부적합 사항이며, UN ECE R48과『자동차 및 자동차부품의 성능과 기준에 관한 규칙』제44조(방향지시등)는 안전기준 국제조화 대상임.",SUV
BMW,BMW X7 xDrive40i,2019-05-31,2021-10-06,2022-09-30,10,"BMW 자체 품질 조사 결과 2018년 12월 21일부터 2021년 10월 06일까지 제작된 BMW X7 M50d, X7 M50i, X7 xDrive30d, X7 xDrive40d, X7 xDrive40i 차량의 3열 시트 등받이에서 제작결함이 발견되었습니다. 3열 시트 등받이의 전동식 접이 기능에 필요한 압축 스프링이 정확하게 설치되지 않았거나 누락 되어있을 가능성을 발견했습니다",SUV
BMW,BMW X7 xDrive40d,2021-03-29,2021-10-04,2022-09-30,4,"BMW 자체 품질 조사 결과 2018년 12월 21일부터 2021년 10월 06일까지 제작된 BMW X7 M50d, X7 M50i, X7 xDrive30d, X7 xDrive40d, X7 xDrive40i 차량의 3열 시트 등받이에서 제작결함이 발견되었습니다. 3열 시트 등받이의 전동식 접이 기능에 필요한 압축 스프링이 정확하게 설치되지 않았거나 누락 되어있을 가능성을 발견했습니다",SUV
재규어랜드로버,재규어 F-PACE D200,2022-02-28,2022-03-10,2022-10-04,28,"당사에서 수입한 ‘재규어 F-PACE, 재규어 F-Type Convertible, 디스커버리 스포츠, 디스커버리, 레인지로버 스포츠, 디펜더 90 및 디펜더 110’ 일부 차량에서 1열 좌석안전띠 리트랙터 내 손상된 프리텐셔너 튜브가 장착되었을 가능성이 있음. * 리트랙터 : 좌석안전띠 중 띠의 일부 또는 전체를 수납하는 장치 * 프리텐셔너 : 충돌 순간 안전띠의 느슨함을 방지하기 위한 목적으로 안전띠를 감아주기 위해 추가적으로 설치하는 외부 또는 내부 장치",SUV
기아,카니발,2021-08-13,2022-10-20,2022-11-24,1144,가솔린 3.5L GDI 엔진 일부차량에서 엔진제어장치(ECU) 소프트웨어 반영 오류로 타력 주행 구간에서 엔진 구동력 부족 발생,MPV/미니밴
기아,카니발,2021-07-05,2022-10-27,2022-11-24,23347,가솔린 3.5L GDI 엔진 일부차량에서 엔진제어장치(ECU) 소프트웨어 반영 오류로 타력 주행 구간에서 엔진 구동력 부족 발생,MPV/미니밴
메르세데스 벤츠,ML 350 BLUETEC 4MATIC,2011-09-14,2015-06-23,2023-02-17,2493,"개발 및 생산 공정 오류로 인하여 차량 후방 차체 플랜지(flange, 가장자리) 영역의 기밀성이 부족할 수 있습니다. 이러한 경우 물이 차량 내부로 유입되어 스페어 휠 웰에 축적될 수 있습니다.",SUV
혼다코리아,ODYSSEY,2018-04-24,2018-09-14,2023-04-10,774,좌석 안전띠의 버클 체결부 폭이 넓게 제작 장착되어 잠금해제 버튼 작동 시 부품간 간섭이 발생하고 이로 인해 잠금해제 버튼이 원활하게 작동되지 않아 좌석 안전띠 체결이 제대로 되지 않을 가능성이 있음.,MPV/미니밴
BMW,BMW X5 M50d,2017-11-03,2020-07-10,2023-07-07,274,"소프트웨어의 오류로 인하여 계기판이 1~2초 동안 꺼지거나, 완전히 꺼짐이 발생될 수 있으며 차량을 재시동해야만 다시 활성화될 수 있습니다.",SUV
BMW,BMW X5 xDrive30d,2020-07-13,2020-11-21,2023-07-07,506,"소프트웨어의 오류로 인하여 계기판이 1~2초 동안 꺼지거나, 완전히 꺼짐이 발생될 수 있으며 차량을 재시동해야만 다시 활성화될 수 있습니다.",SUV
BMW,BMW X5 xDrive30d xLine,2018-08-20,2020-07-29,2023-07-07,3773,"소프트웨어의 오류로 인하여 계기판이 1~2초 동안 꺼지거나, 완전히 꺼짐이 발생될 수 있으며 차량을 재시동해야만 다시 활성화될 수 있습니다.",SUV
BMW,BMW X5 xDrive40d,2020-06-02,2020-10-26,2023-07-07,141,"소프트웨어의 오류로 인하여 계기판이 1~2초 동안 꺼지거나, 완전히 꺼짐이 발생될 수 있으며 차량을 재시동해야만 다시 활성화될 수 있습니다.",SUV
BMW,BMW X5 xDrive40i,2019-02-06,2020-11-23,2023-07-07,900,"소프트웨어의 오류로 인하여 계기판이 1~2초 동안 꺼지거나, 완전히 꺼짐이 발생될 수 있으며 차량을 재시동해야만 다시 활성화될 수 있습니다.",SUV
BMW,BMW X5 xDrive45e iPerformance,2020-06-02,2020-11-15,2023-07-07,396,"소프트웨어의 오류로 인하여 계기판이 1~2초 동안 꺼지거나, 완전히 꺼짐이 발생될 수 있으며 차량을 재시동해야만 다시 활성화될 수 있습니다.",SUV
BMW,BMW X7 xDrive40d,2020-07-13,2020-11-21,2023-07-07,231,"소프트웨어의 오류로 인하여 계기판이 1~2초 동안 꺼지거나, 완전히 꺼짐이 발생될 수 있으며 차량을 재시동해야만 다시 활성화될 수 있습니다.",SUV
BMW,BMW X7 xDrive40i,2019-03-15,2020-11-21,2023-07-07,1044,"소프트웨어의 오류로 인하여 계기판이 1~2초 동안 꺼지거나, 완전히 꺼짐이 발생될 수 있으며 차량을 재시동해야만 다시 활성화될 수 있습니다.",SUV
혼다코리아,ODYSSEY,2017-06-19,2023-05-03,2023-07-21,3820,오디오 통신 케이블 커넥터의 제조 불량(암수 커넥터 크기가 상이)으로 간헐적 접촉 불량이 발생하고 이로 인해 후방 카메라가 작동되지 않을 가능성이 있음.,MPV/미니밴
BMW,BMW X5 xDrive30d,2013-09-25,2013-09-25,2023-08-04,1,배기가스재순환장치 쿨러 내부 냉각수 누설 가능성,SUV
KG 모빌리티,토레스,2022-07-05,2023-12-03,2023-12-28,58103,"전방카메라모듈(FCM) 소프트웨어 설계 미흡으로 운전자가 계기판의 차선이탈경고 메뉴 선택 후 중앙차선유지보조 기능 작동시 운전자가 일정시간 핸들을 잡고 있지 않아 기능이 해제될 경우, 경고음이 5초 이상 발생되어야하나 1초 미만으로 짧게 발생",SUV
혼다코리아,ODYSSEY,2018-07-12,2018-07-19,2024-01-12,49,"엔진 내부 부품인 크랭크샤프트의 제작 결함으로 인해 엔진 작동 중 크랭크샤프트와 연결되어 있는 커넥팅 로드 베어링에 이상 마모가 발생하여 커넥팅 로드 베어링이 손상되거나 고착될 수 있고, 이로 인해 엔진에서 비정상적인 소음이 발생하거나 출력이 감소할 수 있음.",MPV/미니밴
재규어랜드로버,재규어 I-PACE EV400,2018-01-10,2019-08-22,2024-01-19,139,당사에서 수입한‘재규어 I-PACE EV400’일부 차량에 대하여 고전압배터리에서 열과부하가 발생할 가능성이 확인되어 다음과 같이 시정조치 계획을 본보고하고 시정조치를 하고자 합니다.,SUV
BMW,BMW X5 3.0si,2009-10-30,2010-02-10,2024-02-02,69,"가변밸브타이밍시스템 고정볼트의 품질 불량으로 인해, 시간이 지남에 따라 고정볼트가 느슨해지거나 머리부위가 파손되어 해당 부위에서 오일이 누유될 가능성이 발견되었습니다.",SUV
BMW,BMW X5 xDrive35i,2011-04-02,2011-04-02,2024-02-02,1,"가변밸브타이밍시스템 고정볼트의 품질 불량으로 인해, 시간이 지남에 따라 고정볼트가 느슨해지거나 머리부위가 파손되어 해당 부위에서 오일이 누유될 가능성이 발견되었습니다.",SUV
BMW,BMW X5 xDrive40i,2023-06-09,2023-06-09,2024-03-05,1,제조 과정에서 통합제동장치에 장착된 서보모터 위치센서에 이물질이 유입되었을 가능성이 확인되었습니다.,SUV
BMW,BMW X5 xDrive50e,2023-03-29,2023-07-28,2024-03-05,286,제조 과정에서 통합제동장치에 장착된 서보모터 위치센서에 이물질이 유입되었을 가능성이 확인되었습니다.,SUV
BMW,BMW X7 xDrive40d,2022-07-20,2023-07-26,2024-03-05,794,제조 과정에서 통합제동장치에 장착된 서보모터 위치센서에 이물질이 유입되었을 가능성이 확인되었습니다.,SUV
BMW,BMW X7 xDrive40i,2022-07-15,2023-08-02,2024-03-05,2333,제조 과정에서 통합제동장치에 장착된 서보모터 위치센서에 이물질이 유입되었을 가능성이 확인되었습니다.,SUV
BMW,BMW X7 xDrive40i,2022-10-04,2023-06-29,2024-03-05,2,제조 과정에서 통합제동장치에 장착된 서보모터 위치센서에 이물질이 유입되었을 가능성이 확인되었습니다.,SUV
BMW,BMW X5 xDrive30d,2023-02-28,2023-07-26,2024-03-05,240,제조 과정에서 통합제동장치에 장착된 서보모터 위치센서에 이물질이 유입되었을 가능성이 확인되었습니다.,SUV
BMW,BMW X5 xDrive40i,2023-02-23,2023-07-31,2024-03-05,824,제조 과정에서 통합제동장치에 장착된 서보모터 위치센서에 이물질이 유입되었을 가능성이 확인되었습니다.,SUV
BMW,BMW X5 xDrive40i,2023-03-09,2023-03-09,2024-03-14,2,"변속기 하우징에 부착된 변속기 모듈과, 모듈 내 변속기 컨트롤 유닛 사이의 용접이 부정확하게 되어 변속기 오일이 변속기 컨트롤 유닛으로 유입될 가능성이 발견되었습니다.",SUV
KG 모빌리티,토레스EVX,2023-10-05,2024-03-16,2024-03-26,4805,"차량 조립과정에서 전자식 조향제어시스템 내 토크센서 설정값이 변화되어 전방카메라 모듈이 핸즈 오프(hands-off)를 판단하는 신호를 늦게 감지하여 운전자가 중앙차선유지보조 기능 작동 중 조향핸들에서 손을 떼고 나서 지속적으로 조향핸들을 잡고 있지 않는 경우, 조향핸들을 잡도록 유도하는 시각경고신호가 15초를 초과하여 표시되어 안전기준 부적합",SUV
혼다코리아,CR-V 2WD,2020-07-09,2021-06-06,2024-04-05,291,조수석 좌석 중량 센서 회로 기판에 품질이 좋지 않은 재료가 사용되어 제작 과정에서 균열이 발생할 수 있고 차량 사용 중 습도 등의 환경요인으로 인해 수분이 균열 부분에 침투되면 단락 또는 고장이 발생될 수 있다.,SUV
혼다코리아,CR-V 4WD,2020-07-13,2020-07-30,2024-04-05,130,조수석 좌석 중량 센서 회로 기판에 품질이 좋지 않은 재료가 사용되어 제작 과정에서 균열이 발생할 수 있고 차량 사용 중 습도 등의 환경요인으로 인해 수분이 균열 부분에 침투되면 단락 또는 고장이 발생될 수 있다.,SUV
혼다코리아,ODYSSEY,2020-11-30,2021-05-20,2024-04-05,153,조수석 좌석 중량 센서 회로 기판에 품질이 좋지 않은 재료가 사용되어 제작 과정에서 균열이 발생할 수 있고 차량 사용 중 습도 등의 환경요인으로 인해 수분이 균열 부분에 침투되면 단락 또는 고장이 발생될 수 있다.,MPV/미니밴
르노코리아,XM3,2019-12-17,2023-12-07,2024-05-17,37808,"XM3 일부 차량에서 연료공급호스와 호스를 엔진에 고정하는 클립이 엔진 진동에 의한 간섭(설계불량)으로 마모될 수 있고, 심할 경우 연료공급호스가 손상될 가능성이 있음",SUV
BMW,BMW X5 xDrive30d,2024-04-08,2024-04-13,2024-06-05,13,생산 공정 오류로 앞 좌석(운전석 및 조수석)안전띠 버클에 ‘좌석안전띠 경고장치 센서’의 회로기판이 구부러진 상태로 조립되었을 가능성이 확인되었습니다.,SUV
BMW,BMW X5 xDrive40d,2024-04-19,2024-04-19,2024-06-05,2,생산 공정 오류로 앞 좌석(운전석 및 조수석)안전띠 버클에 ‘좌석안전띠 경고장치 센서’의 회로기판이 구부러진 상태로 조립되었을 가능성이 확인되었습니다.,SUV
BMW,BMW X5 xDrive40i,2024-04-08,2024-04-20,2024-06-05,91,생산 공정 오류로 앞 좌석(운전석 및 조수석)안전띠 버클에 ‘좌석안전띠 경고장치 센서’의 회로기판이 구부러진 상태로 조립되었을 가능성이 확인되었습니다.,SUV
BMW,BMW X5 xDrive40i,2024-04-05,2024-04-12,2024-06-05,2,생산 공정 오류로 앞 좌석(운전석 및 조수석)안전띠 버클에 ‘좌석안전띠 경고장치 센서’의 회로기판이 구부러진 상태로 조립되었을 가능성이 확인되었습니다.,SUV
BMW,BMW X5 xDrive50e,2024-04-19,2024-04-19,2024-06-05,1,생산 공정 오류로 앞 좌석(운전석 및 조수석)안전띠 버클에 ‘좌석안전띠 경고장치 센서’의 회로기판이 구부러진 상태로 조립되었을 가능성이 확인되었습니다.,SUV
BMW,BMW X7 xDrive40d,2024-04-09,2024-04-17,2024-06-05,26,생산 공정 오류로 앞 좌석(운전석 및 조수석)안전띠 버클에 ‘좌석안전띠 경고장치 센서’의 회로기판이 구부러진 상태로 조립되었을 가능성이 확인되었습니다.,SUV
BMW,BMW X7 xDrive40i,2024-04-08,2024-04-19,2024-06-05,59,생산 공정 오류로 앞 좌석(운전석 및 조수석)안전띠 버클에 ‘좌석안전띠 경고장치 센서’의 회로기판이 구부러진 상태로 조립되었을 가능성이 확인되었습니다.,SUV
토요타,렉서스 RX500h,2023-03-03,2023-07-27,2024-07-25,46,전방 및 후방 카메라 케이스 용접이 부적절하여 카메라 케이스 접합면의 방수 성능이 부족할 가능성이 있음.,SUV
재규어랜드로버,재규어 F-PACE D200,2021-03-26,2022-03-10,2024-07-25,157,당사에서 수입한 모델년도 2021 및 2022‘디스커버리 스포츠 D200 및 재규어 F-PACE D200’ 차량에서 터보차저 오일 공급 파이프 클램프의 설계불량으로 연결부위가 시간이 지날수록 느슨해져 터보차저 오일 공급 파이프와 터보차저가 분리되어 오일 누출로 이어질 가능성이 확인되어 다음과 같이 시정조치 계획을 보고하고 시정조치를 하고자 합니다.,SUV
BMW,BMW X5 xDrive30d,2013-07-20,2017-11-08,2024-08-08,6995,"최초 차량판매 당시에는 TAKATA 에어백이 적용되지 않은 스티어링 휠로 출고되었으나, 출고 이후 BMW에서 승인한 교체 부품 중 TAKATA 에어백이 적용된 스포츠 또는 M 스포츠 스티어링 휠을 고객이 장착했을 가능성이 확인되었습니다. 해당 스티어링 휠은 질산암모늄을 사용한 에어백 인플레이터가 장착되어 있으며 차량이 고온 다습한 지역에 장기간 노출되었을 때 인플레이터 내부 압축 가스 추진제가 변형되었을 수 있습니다.",SUV
BMW,BMW X5 xDrive35i,2015-08-01,2017-06-09,2024-08-08,6,"최초 차량판매 당시에는 TAKATA 에어백이 적용되지 않은 스티어링 휠로 출고되었으나, 출고 이후 BMW에서 승인한 교체 부품 중 TAKATA 에어백이 적용된 스포츠 또는 M 스포츠 스티어링 휠을 고객이 장착했을 가능성이 확인되었습니다. 해당 스티어링 휠은 질산암모늄을 사용한 에어백 인플레이터가 장착되어 있으며 차량이 고온 다습한 지역에 장기간 노출되었을 때 인플레이터 내부 압축 가스 추진제가 변형되었을 수 있습니다.",SUV
BMW,BMW X5 xDrive35i,2015-12-30,2015-12-30,2024-08-08,1,"최초 차량판매 당시에는 TAKATA 에어백이 적용되지 않은 스티어링 휠로 출고되었으나, 출고 이후 BMW에서 승인한 교체 부품 중 TAKATA 에어백이 적용된 스포츠 또는 M 스포츠 스티어링 휠을 고객이 장착했을 가능성이 확인되었습니다. 해당 스티어링 휠은 질산암모늄을 사용한 에어백 인플레이터가 장착되어 있으며 차량이 고온 다습한 지역에 장기간 노출되었을 때 인플레이터 내부 압축 가스 추진제가 변형되었을 수 있습니다.",SUV
BMW,BMW X5 xDrive40e iPerformance,2015-07-28,2017-02-04,2024-08-08,56,"최초 차량판매 당시에는 TAKATA 에어백이 적용되지 않은 스티어링 휠로 출고되었으나, 출고 이후 BMW에서 승인한 교체 부품 중 TAKATA 에어백이 적용된 스포츠 또는 M 스포츠 스티어링 휠을 고객이 장착했을 가능성이 확인되었습니다. 해당 스티어링 휠은 질산암모늄을 사용한 에어백 인플레이터가 장착되어 있으며 차량이 고온 다습한 지역에 장기간 노출되었을 때 인플레이터 내부 압축 가스 추진제가 변형되었을 수 있습니다.",SUV
BMW,BMW X5 xDrive30d,2023-02-28,2024-07-31,2024-08-28,1094,"통합제동장치에 장착된 서보모터 위치센서의 품질 결함으로 신호 장애가 발생하면 안전모드로 전환되나, 현행 소프트웨어로는 이상을 사전에 발견하지 못할 가능성이 확인되었습니다",SUV
BMW,BMW X5 xDrive40d,2023-08-08,2024-08-08,2024-08-28,116,"통합제동장치에 장착된 서보모터 위치센서의 품질 결함으로 신호 장애가 발생하면 안전모드로 전환되나, 현행 소프트웨어로는 이상을 사전에 발견하지 못할 가능성이 확인되었습니다",SUV
BMW,BMW X5 xDrive40i,2023-02-23,2024-08-10,2024-08-28,4114,"통합제동장치에 장착된 서보모터 위치센서의 품질 결함으로 신호 장애가 발생하면 안전모드로 전환되나, 현행 소프트웨어로는 이상을 사전에 발견하지 못할 가능성이 확인되었습니다",SUV
BMW,BMW X5 xDrive40i,2022-11-17,2024-08-03,2024-08-28,13,"통합제동장치에 장착된 서보모터 위치센서의 품질 결함으로 신호 장애가 발생하면 안전모드로 전환되나, 현행 소프트웨어로는 이상을 사전에 발견하지 못할 가능성이 확인되었습니다",SUV
BMW,BMW X5 xDrive50e,2023-03-29,2024-08-09,2024-08-28,1576,"통합제동장치에 장착된 서보모터 위치센서의 품질 결함으로 신호 장애가 발생하면 안전모드로 전환되나, 현행 소프트웨어로는 이상을 사전에 발견하지 못할 가능성이 확인되었습니다",SUV
BMW,BMW X5 xDrive50e,2023-06-12,2023-11-11,2024-08-28,2,"통합제동장치에 장착된 서보모터 위치센서의 품질 결함으로 신호 장애가 발생하면 안전모드로 전환되나, 현행 소프트웨어로는 이상을 사전에 발견하지 못할 가능성이 확인되었습니다",SUV
BMW,BMW X7 xDrive40d,2022-07-20,2024-08-07,2024-08-28,1677,"통합제동장치에 장착된 서보모터 위치센서의 품질 결함으로 신호 장애가 발생하면 안전모드로 전환되나, 현행 소프트웨어로는 이상을 사전에 발견하지 못할 가능성이 확인되었습니다",SUV
BMW,BMW X7 xDrive40i,2022-07-15,2024-08-10,2024-08-28,6097,"통합제동장치에 장착된 서보모터 위치센서의 품질 결함으로 신호 장애가 발생하면 안전모드로 전환되나, 현행 소프트웨어로는 이상을 사전에 발견하지 못할 가능성이 확인되었습니다",SUV
BMW,BMW X7 xDrive40i,2022-10-04,2024-06-14,2024-08-28,7,"통합제동장치에 장착된 서보모터 위치센서의 품질 결함으로 신호 장애가 발생하면 안전모드로 전환되나, 현행 소프트웨어로는 이상을 사전에 발견하지 못할 가능성이 확인되었습니다",SUV
BMW,BMW X5 xDrive30d,2024-08-21,2024-08-30,2024-09-20,14,"통합제동장치에 장착된 서보모터 위치센서의 품질 결함으로 신호 장애가 발생하면 안전모드로 전환되나, 현행 소프트웨어로는 이상을 사전에 발견하지 못할 가능성이 확인되었습니다",SUV
BMW,BMW X5 xDrive40d,2024-08-22,2024-08-29,2024-09-20,6,"통합제동장치에 장착된 서보모터 위치센서의 품질 결함으로 신호 장애가 발생하면 안전모드로 전환되나, 현행 소프트웨어로는 이상을 사전에 발견하지 못할 가능성이 확인되었습니다",SUV
BMW,BMW X5 xDrive40i,2024-08-11,2024-08-31,2024-09-20,37,"통합제동장치에 장착된 서보모터 위치센서의 품질 결함으로 신호 장애가 발생하면 안전모드로 전환되나, 현행 소프트웨어로는 이상을 사전에 발견하지 못할 가능성이 확인되었습니다",SUV
BMW,BMW X5 xDrive50e,2024-08-08,2024-08-30,2024-09-20,157,"통합제동장치에 장착된 서보모터 위치센서의 품질 결함으로 신호 장애가 발생하면 안전모드로 전환되나, 현행 소프트웨어로는 이상을 사전에 발견하지 못할 가능성이 확인되었습니다",SUV
BMW,BMW X7 xDrive40d,2024-08-06,2024-08-31,2024-09-20,55,"통합제동장치에 장착된 서보모터 위치센서의 품질 결함으로 신호 장애가 발생하면 안전모드로 전환되나, 현행 소프트웨어로는 이상을 사전에 발견하지 못할 가능성이 확인되었습니다",SUV
BMW,BMW X7 xDrive40i,2022-09-16,2024-08-30,2024-09-20,199,"통합제동장치에 장착된 서보모터 위치센서의 품질 결함으로 신호 장애가 발생하면 안전모드로 전환되나, 현행 소프트웨어로는 이상을 사전에 발견하지 못할 가능성이 확인되었습니다",SUV
BMW,BMW X5 xDrive30d,2024-02-14,2024-08-31,2024-10-08,8,"통합제동장치에 장착된 서보모터 위치센서의 품질 결함으로 신호 장애가 발생하면 안전모드로 전환되나, 현행 소프트웨어로는 이상을 사전에 발견하지 못할 가능성이 확인되었습니다.",SUV
BMW,BMW X5 xDrive40d,2024-09-03,2024-09-04,2024-10-08,4,"통합제동장치에 장착된 서보모터 위치센서의 품질 결함으로 신호 장애가 발생하면 안전모드로 전환되나, 현행 소프트웨어로는 이상을 사전에 발견하지 못할 가능성이 확인되었습니다.",SUV
BMW,BMW X5 xDrive40i,2024-02-16,2024-09-03,2024-10-08,73,"통합제동장치에 장착된 서보모터 위치센서의 품질 결함으로 신호 장애가 발생하면 안전모드로 전환되나, 현행 소프트웨어로는 이상을 사전에 발견하지 못할 가능성이 확인되었습니다.",SUV
BMW,BMW X5 xDrive40i,2024-08-11,2024-08-11,2024-10-08,1,"통합제동장치에 장착된 서보모터 위치센서의 품질 결함으로 신호 장애가 발생하면 안전모드로 전환되나, 현행 소프트웨어로는 이상을 사전에 발견하지 못할 가능성이 확인되었습니다.",SUV
BMW,BMW X5 xDrive50e,2024-08-17,2024-09-04,2024-10-08,6,"통합제동장치에 장착된 서보모터 위치센서의 품질 결함으로 신호 장애가 발생하면 안전모드로 전환되나, 현행 소프트웨어로는 이상을 사전에 발견하지 못할 가능성이 확인되었습니다.",SUV
BMW,BMW X7 xDrive40d,2024-02-16,2024-09-04,2024-10-08,13,"통합제동장치에 장착된 서보모터 위치센서의 품질 결함으로 신호 장애가 발생하면 안전모드로 전환되나, 현행 소프트웨어로는 이상을 사전에 발견하지 못할 가능성이 확인되었습니다.",SUV
BMW,BMW X7 xDrive40i,2024-02-12,2024-09-04,2024-10-08,80,"통합제동장치에 장착된 서보모터 위치센서의 품질 결함으로 신호 장애가 발생하면 안전모드로 전환되나, 현행 소프트웨어로는 이상을 사전에 발견하지 못할 가능성이 확인되었습니다.",SUV
BMW,BMW X5 xDrive30d,2024-09-08,2024-09-08,2024-10-22,1,부품 생산 공정의 오류로 인하여 통합제동장치에 장착된 서보모터의 축이 규정된 사양에 따라 용접되지 않았습니다.,SUV
BMW,BMW X5 xDrive40i,2023-06-02,2024-09-06,2024-10-22,3,부품 생산 공정의 오류로 인하여 통합제동장치에 장착된 서보모터의 축이 규정된 사양에 따라 용접되지 않았습니다.,SUV
BMW,BMW X5 xDrive50e,2024-05-08,2024-05-21,2024-10-22,2,부품 생산 공정의 오류로 인하여 통합제동장치에 장착된 서보모터의 축이 규정된 사양에 따라 용접되지 않았습니다.,SUV
BMW,BMW X7 xDrive40d,2023-07-13,2024-05-10,2024-10-22,2,부품 생산 공정의 오류로 인하여 통합제동장치에 장착된 서보모터의 축이 규정된 사양에 따라 용접되지 않았습니다.,SUV
BMW,BMW X7 xDrive40i,2022-08-30,2024-08-04,2024-10-22,7,부품 생산 공정의 오류로 인하여 통합제동장치에 장착된 서보모터의 축이 규정된 사양에 따라 용접되지 않았습니다.,SUV
BMW,BMW X7 xDrive40i,2024-09-03,2024-09-03,2024-10-22,1,"통합제동장치에 장착된 서보모터 위치센서의 품질 결함으로 신호 장애가 발생하면 안전모드로 전환되나, 현행 소프트웨어로는 이상을 사전에 발견하지 못할 가능성이 확인되었습니다.",SUV
혼다코리아,CR-V HYBRID 4WD,2023-06-27,2024-02-13,2024-11-08,360,고압연료펌프 제조 과정에서 온도와 압력이 적절하게 설정되지 않아 고압연료펌프의 재료 강도가 낮아져 내부 부품인 솔레노이드 부분에 균열이 발생할 수 있다.,SUV
BMW,BMW X5 xDrive30d,2023-02-28,2023-10-24,2024-11-27,323,"EGR 쿨러의 바이패스 플랩 커버 고정 나사가 올바르게 체결되지 않았습니다. EGR 쿨러의 바이패스 플랩 커버의 나사가 풀리거나 이탈된 경우 소음, 악취가 발생할 수 있으며 경우에 따라 주변 부품(엔진 커버, 레일압력 센서 등)이 손상될 수 있습니다.",SUV
BMW,BMW X5 xDrive40d,2023-08-08,2023-10-03,2024-11-27,10,"EGR 쿨러의 바이패스 플랩 커버 고정 나사가 올바르게 체결되지 않았습니다. EGR 쿨러의 바이패스 플랩 커버의 나사가 풀리거나 이탈된 경우 소음, 악취가 발생할 수 있으며 경우에 따라 주변 부품(엔진 커버, 레일압력 센서 등)이 손상될 수 있습니다.",SUV
BMW,BMW X7 xDrive40d,2022-07-20,2023-09-22,2024-11-27,932,"EGR 쿨러의 바이패스 플랩 커버 고정 나사가 올바르게 체결되지 않았습니다. EGR 쿨러의 바이패스 플랩 커버의 나사가 풀리거나 이탈된 경우 소음, 악취가 발생할 수 있으며 경우에 따라 주변 부품(엔진 커버, 레일압력 센서 등)이 손상될 수 있습니다.",SUV
혼다코리아,CR-V HYBRID 4WD,2022-09-09,2024-02-13,2024-12-02,366,윔휠과 웜기어가 접촉되는 면적을 조절하는 스프링 엔드캡에 강성이 강한 스프링이 장착되어 핸들 조향 시 웜휠과 웜기어의 접촉 부분의 구리스가 감소된다.,SUV
혼다코리아,ODYSSEY,2017-11-06,2019-10-09,2024-12-02,1873,"1. 2021년 4월 ACCORD 등 7차종 모델 4,567대 대상으로 시행했던 리콜의 대상 차종 확대 건이다. 2. 연료펌프 내부에 부적절하게 제작된 저밀도의 임펠러가 조립되어 임펠러 표면에 크랙이 발생할 수 있고, 차량 사용 중 크랙 부분에 연료가 침투하여 고온 환경에서 팽창에 의해 임펠러가 변형되어 펌프 내부 커버와의 접촉으로 인해 연료펌프 모터가 손상될 수 있다.",MPV/미니밴
BMW,BMW X5 xDrive30d,2023-02-28,2024-08-31,2024-12-06,1116,통합제동장치에 장착된 서보모터 위치센서의 품질 결함으로 인해 신호 장애가 발생할 가능성이 확인되었습니다.,SUV
BMW,BMW X5 xDrive40d,2023-08-08,2024-09-04,2024-12-06,126,통합제동장치에 장착된 서보모터 위치센서의 품질 결함으로 인해 신호 장애가 발생할 가능성이 확인되었습니다.,SUV
BMW,BMW X5 xDrive40i,2023-02-23,2024-09-03,2024-12-06,4224,통합제동장치에 장착된 서보모터 위치센서의 품질 결함으로 인해 신호 장애가 발생할 가능성이 확인되었습니다.,SUV
BMW,BMW X5 xDrive40i,2023-06-09,2024-08-11,2024-12-06,14,통합제동장치에 장착된 서보모터 위치센서의 품질 결함으로 인해 신호 장애가 발생할 가능성이 확인되었습니다.,SUV
BMW,BMW X5 xDrive50e,2023-03-29,2024-09-04,2024-12-06,1739,통합제동장치에 장착된 서보모터 위치센서의 품질 결함으로 인해 신호 장애가 발생할 가능성이 확인되었습니다.,SUV
BMW,BMW X5 xDrive50e,2023-06-12,2023-11-11,2024-12-06,2,통합제동장치에 장착된 서보모터 위치센서의 품질 결함으로 인해 신호 장애가 발생할 가능성이 확인되었습니다.,SUV
BMW,BMW X7 xDrive40d,2022-07-20,2024-09-04,2024-12-06,1745,통합제동장치에 장착된 서보모터 위치센서의 품질 결함으로 인해 신호 장애가 발생할 가능성이 확인되었습니다.,SUV
BMW,BMW X7 xDrive40i,2022-07-15,2024-09-04,2024-12-06,6377,통합제동장치에 장착된 서보모터 위치센서의 품질 결함으로 인해 신호 장애가 발생할 가능성이 확인되었습니다.,SUV
BMW,BMW X7 xDrive40i,2022-10-04,2024-06-14,2024-12-06,7,통합제동장치에 장착된 서보모터 위치센서의 품질 결함으로 인해 신호 장애가 발생할 가능성이 확인되었습니다.,SUV
BMW,BMW X5 xDrive30d,2023-04-11,2023-11-30,2025-01-02,10,"""통합제동장치에 장착된 서보모터 위치센서의 품질 결함으로 인해 신호 장애가 발생할 가능성이 확인되었습니다.""",SUV
BMW,BMW X7 xDrive40i,2022-08-03,2024-04-12,2025-01-02,24,"""통합제동장치에 장착된 서보모터 위치센서의 품질 결함으로 인해 신호 장애가 발생할 가능성이 확인되었습니다.""",SUV
BMW,BMW X7 xDrive40d,2022-07-27,2023-07-17,2025-01-02,11,"""통합제동장치에 장착된 서보모터 위치센서의 품질 결함으로 인해 신호 장애가 발생할 가능성이 확인되었습니다.""",SUV
BMW,BMW X5 xDrive40i,2023-04-15,2024-04-18,2025-01-02,9,"""통합제동장치에 장착된 서보모터 위치센서의 품질 결함으로 인해 신호 장애가 발생할 가능성이 확인되었습니다.""",SUV
BMW,BMW X5 xDrive40d,2023-12-18,2023-12-18,2025-01-02,1,"""통합제동장치에 장착된 서보모터 위치센서의 품질 결함으로 인해 신호 장애가 발생할 가능성이 확인되었습니다.""",SUV
BMW,BMW X7 xDrive40d,2023-05-05,2023-05-05,2025-01-02,1,"""통합제동장치에 장착된 서보모터 위치센서의 품질 결함으로 인해 신호 장애가 발생할 가능성이 확인되었습니다.""",SUV
BMW,BMW X5 xDrive40d,2024-02-01,2024-02-01,2025-01-02,1,"""통합제동장치에 장착된 서보모터 위치센서의 품질 결함으로 인해 신호 장애가 발생할 가능성이 확인되었습니다.""",SUV
BMW,BMW X7 xDrive40i,2022-08-04,2023-04-19,2025-01-02,3,"""통합제동장치에 장착된 서보모터 위치센서의 품질 결함으로 인해 신호 장애가 발생할 가능성이 확인되었습니다.""",SUV
BMW,BMW X5 xDrive40i,2024-01-08,2024-01-08,2025-01-02,1,"""통합제동장치에 장착된 서보모터 위치센서의 품질 결함으로 인해 신호 장애가 발생할 가능성이 확인되었습니다.""",SUV
BMW,BMW X5 xDrive50e,2023-05-13,2023-05-16,2025-01-02,2,"""통합제동장치에 장착된 서보모터 위치센서의 품질 결함으로 인해 신호 장애가 발생할 가능성이 확인되었습니다.""",SUV
르노코리아,XM3 하이브리드,2022-09-30,2024-03-26,2025-02-20,4765,HEVC 및 DC/DC 컨버터의 소프트웨어 로직 미흡으로 인하여 구동 전기모터의 전원이 차단되거나 저전압 배터리가 충전불가한 상황이 발생할 가능성이 있음,SUV
르노코리아,ARKANA 하이브리드,2024-04-01,2024-12-10,2025-02-20,3291,HEVC 및 DC/DC 컨버터의 소프트웨어 로직 미흡으로 인하여 구동 전기모터의 전원이 차단되거나 저전압 배터리가 충전불가한 상황이 발생할 가능성이 있음,SUV
BMW,BMW X5 xDrive40i,2023-07-26,2023-07-26,2025-02-20,1,통합제동장치에 장착된 서보모터 위치센서의 품질 결함으로 인해 신호 장애가 발생할 가능성이 확인되었습니다.,SUV
BMW,BMW X5 xDrive 50e,2024-01-23,2024-01-23,2025-02-20,1,통합제동장치에 장착된 서보모터 위치센서의 품질 결함으로 인해 신호 장애가 발생할 가능성이 확인되었습니다.,SUV
BMW,BMW X5 xDrive40e iPerformance,2015-07-28,2018-06-30,2025-02-20,219,전동식 냉각수 펌프에 연결되는 배선 커넥터 제작결함,SUV
BMW,BMW X5 xDrive40e iPerformance,2015-09-02,2018-01-08,2025-02-20,11,전동식 냉각수 펌프에 연결되는 배선 커넥터 제작결함,SUV
혼다코리아,ODYSSEY,2014-06-11,2016-05-05,2025-05-02,5,"1. 2024년 12월 ACCORD 등 7차종 모델 12,713대 대상으로 시행했던 리콜의 대상 확대 건이다. (수년간의 시장조사 및 분석 결과 시정조치 대상 이외의 차량에서도 증상이 발생할 수 있다고 판단하여 해당 연료펌프가 장착된 모든 차량을 시정조치 대상으로 지정함) 2. 연료펌프 내부에 부적절하게 제작된 저밀도의 임펠러가 조립되어 임펠러 표면에 크랙이 발생할 수 있고, 차량 사용 중 크랙 부분에 연료가 침투하여 고온 환경에서 팽창에 의해 임펠러가 변형되어 펌프 내부 커버와의 접촉으로 인해 연료펌프 모터가 손상될 수 있다.",MPV/미니밴
르노코리아,XM3,2023-01-31,2023-05-10,2025-08-11,221,"일부 차량에 장착된 진공펌프 내 체크밸브를 고정하는 스크류가 체결되는 하우징의 나사산 가공 불량으로, 스크류가 이탈되어 진공압이 부족할 가능성이 있음",SUV
르노코리아,XM3 하이브리드,2022-09-30,2024-03-26,2025-09-25,4765,"모터만 작동하는 EV 모드에서 엔진이 구동하는 모드로 변환 시, 특정 조건에서 연료 펌프에 공급되는 전원이 차단/공급되는 로직으로 인해 연료 펌프 컨트롤 유닛의 커패시터의 열화가 발생할 가능성이 있음",SUV
르노코리아,ARKANA 하이브리드,2024-04-01,2025-06-24,2025-09-25,3797,"모터만 작동하는 EV 모드에서 엔진이 구동하는 모드로 변환 시, 특정 조건에서 연료 펌프에 공급되는 전원이 차단/공급되는 로직으로 인해 연료 펌프 컨트롤 유닛의 커패시터의 열화가 발생할 가능성이 있음",SUV
토요타,토요타 RAV4 Hybrid 2WD,2022-06-15,2024-11-30,2025-12-18,2111,"콤비네이션 미터(계기판)의 소프트웨어 오류로, 계기판의 메모리 장치에 불필요한 데이터가 반복적으로 기록되어 메모리 장치의 성능이 조기에 저하될 가능성이 있음.",SUV
토요타,토요타 RAV4 Hybrid AWD,2022-10-03,2024-11-30,2025-12-18,3011,"콤비네이션 미터(계기판)의 소프트웨어 오류로, 계기판의 메모리 장치에 불필요한 데이터가 반복적으로 기록되어 메모리 장치의 성능이 조기에 저하될 가능성이 있음.",SUV
토요타,토요타 RAV4 PHEV,2023-01-10,2024-09-17,2025-12-18,848,"콤비네이션 미터(계기판)의 소프트웨어 오류로, 계기판의 메모리 장치에 불필요한 데이터가 반복적으로 기록되어 메모리 장치의 성능이 조기에 저하될 가능성이 있음.",SUV
토요타,토요타 Alphard Hybrid,2023-06-09,2025-05-19,2025-12-18,2423,"콤비네이션 미터(계기판)의 소프트웨어 오류로, 계기판의 메모리 장치에 불필요한 데이터가 반복적으로 기록되어 메모리 장치의 성능이 조기에 저하될 가능성이 있음.",MPV/미니밴
토요타,토요타 Alphard Hybrid,2023-06-09,2025-05-09,2025-12-18,2385,"주차 보조 ECU의 소프트웨어 오류로 인해 시동 직후에 후진 기어 조작을 하거나, 짧은 시간내에 시동을 반복할 경우 후방 영상이 일시적으로 정지하거나 표시되지 않을 가능성이 있음.",MPV/미니밴
토요타,토요타 SIENNA Hybrid 2WD,2024-12-04,2025-09-12,2025-12-18,419,"주차 보조 ECU의 소프트웨어 오류로 인해 시동 직후에 후진 기어 조작을 하거나, 짧은 시간내에 시동을 반복할 경우 후방 영상이 일시적으로 정지하거나 표시되지 않을 가능성이 있음.",MPV/미니밴
토요타,토요타 SIENNA Hybrid AWD,2024-12-04,2025-09-12,2025-12-18,410,"주차 보조 ECU의 소프트웨어 오류로 인해 시동 직후에 후진 기어 조작을 하거나, 짧은 시간내에 시동을 반복할 경우 후방 영상이 일시적으로 정지하거나 표시되지 않을 가능성이 있음.",MPV/미니밴
토요타,렉서스 RX500h,2023-03-03,2025-08-29,2025-12-18,363,"주차 보조 ECU의 소프트웨어 오류로 인해 시동 직후에 후진 기어 조작을 하거나, 짧은 시간내에 시동을 반복할 경우 후방 영상이 일시적으로 정지하거나 표시되지 않을 가능성이 있음.",SUV
